temperature,feels_like,humidity,wind_speed,precipitation,uv_index,AQI,heat_index,time_of_day,day_type,commute_mode,routine_sensitivity,routine_disruption
1.5,-0.6,43.8,20.5,0.0,0,74,1.5,afternoon,weekend,walk,medium,0
15.6,15.9,25.1,8.0,0.0,11,38,15.6,afternoon,weekday,public_transport,medium,0
1.5,0.9,79.4,5.3,0.0,10,43,1.5,evening,weekday,public_transport,medium,0
10.7,10.9,21.8,18.4,0.0,0,183,10.7,morning,weekend,car,low,0
19.3,19.6,31.6,3.5,0.0,9,27,19.3,evening,weekday,public_transport,low,0
23.7,25.2,24.3,13.0,0.0,7,38,24.9,afternoon,weekend,walk,medium,0
30.1,31.6,23.7,11.9,0.0,2,16,31.3,morning,weekday,public_transport,medium,0
7.5,7.0,76.8,4.7,0.0,6,22,7.5,morning,weekend,public_transport,low,0
43.3,47.4,67.4,19.3,0.0,7,29,46.7,evening,weekday,public_transport,medium,1
5.9,4.0,81.7,19.3,0.0,2,13,5.9,morning,weekend,car,high,0
11.0,11.2,13.4,4.5,0.0,7,30,11.0,evening,weekday,public_transport,low,0
34.7,39.0,71.5,13.1,0.0,10,75,38.3,evening,weekday,car,medium,0
32.4,37.6,87.2,5.5,0.0,7,39,36.8,morning,weekday,car,medium,0
36.3,38.3,33.5,4.2,0.0,4,4,38.0,afternoon,weekday,public_transport,medium,1
15.1,15.4,33.0,12.4,0.0,0,115,15.1,evening,weekend,public_transport,medium,0
13.7,13.8,14.7,17.5,7.5,1,300,13.7,morning,weekday,walk,medium,1
-2.5,-4.5,91.5,19.8,0.0,7,51,-2.5,evening,weekday,car,high,0
8.9,8.4,45.1,4.4,0.0,7,18,8.9,afternoon,weekday,car,low,0
22.8,28.5,94.0,3.4,0.0,4,22,27.5,morning,weekday,public_transport,low,0
8.3,7.7,32.2,6.4,0.0,11,155,8.3,evening,weekday,walk,medium,1
31.3,32.9,26.9,19.6,4.5,2,34,32.6,morning,weekday,public_transport,low,1
34.2,36.3,33.8,14.7,0.0,0,23,35.9,afternoon,weekday,public_transport,medium,1
34.5,36.4,32.2,29.9,0.0,6,10,36.1,morning,weekday,public_transport,medium,1
35.7,38.9,53.6,8.1,0.0,0,31,38.4,evening,weekday,car,medium,0
0.7,-0.6,58.0,13.2,0.0,9,124,0.7,evening,weekday,car,high,0
15.1,15.7,62.7,12.5,0.0,1,64,15.1,morning,weekday,car,high,0
25.7,30.9,86.3,5.7,0.0,8,37,30.0,afternoon,weekday,public_transport,low,0
36.1,37.2,18.3,8.8,0.0,4,12,37.1,morning,weekend,public_transport,low,0
38.9,41.9,50.6,11.5,1.3,0,103,41.4,afternoon,weekday,public_transport,low,1
-0.3,-0.4,58.4,1.6,13.7,0,41,-0.3,morning,weekday,walk,high,1
35.3,38.6,55.2,17.1,2.2,1,12,38.0,morning,weekend,walk,low,1
0.1,-2.2,73.1,22.8,0.0,9,17,0.1,morning,weekend,public_transport,high,1
2.5,1.8,35.4,6.8,0.0,8,75,2.5,afternoon,weekend,car,low,0
18.2,18.5,29.4,8.3,0.0,6,13,18.2,morning,weekend,car,high,0
12.2,13.0,79.0,6.5,0.0,8,9,12.2,morning,weekday,public_transport,medium,0
34.4,35.7,22.1,5.4,0.0,3,38,35.5,morning,weekday,car,medium,0
23.1,26.5,55.3,8.0,0.0,7,25,25.9,evening,weekday,public_transport,medium,0
44.7,47.5,46.6,6.5,0.0,0,55,47.0,afternoon,weekday,public_transport,high,1
10.9,11.8,94.9,13.7,0.0,6,52,10.9,morning,weekend,car,high,0
22.5,27.5,82.1,20.1,6.2,11,47,26.6,evening,weekend,walk,medium,1
24.0,27.9,65.3,5.9,0.0,1,27,27.3,afternoon,weekday,public_transport,high,1
21.6,26.7,84.0,10.7,0.0,10,12,25.8,morning,weekday,car,medium,0
44.7,47.2,40.3,11.6,0.0,5,12,46.7,afternoon,weekday,car,high,0
39.4,45.1,94.8,13.3,0.0,10,18,44.1,afternoon,weekday,public_transport,low,1
27.5,32.8,88.7,4.5,0.0,4,47,31.9,evening,weekday,public_transport,high,0
27.8,31.4,59.1,8.5,0.0,3,94,30.8,evening,weekday,walk,low,0
19.1,19.6,49.1,19.5,0.0,6,14,19.1,morning,weekend,public_transport,low,0
31.8,35.8,66.5,12.2,1.1,5,121,35.1,evening,weekday,car,high,0
43.5,48.2,78.8,1.2,0.0,11,90,47.4,afternoon,weekday,car,medium,0
19.6,19.9,25.2,4.8,0.0,7,12,19.6,morning,weekend,public_transport,low,0
12.2,13.1,93.1,5.1,0.0,7,44,12.2,afternoon,weekend,car,low,0
24.4,27.2,46.6,3.9,3.3,5,18,26.8,morning,weekday,walk,low,1
29.2,32.3,52.2,3.6,0.0,1,7,31.8,morning,weekend,car,medium,0
25.2,29.4,69.8,4.4,0.0,10,21,28.7,evening,weekday,public_transport,high,1
26.6,28.8,36.5,10.1,0.0,4,126,28.4,evening,weekday,public_transport,high,1
14.8,15.2,36.9,7.5,0.0,1,57,14.8,evening,weekday,public_transport,medium,0
3.8,3.6,28.0,1.7,0.9,5,31,3.8,afternoon,weekday,public_transport,low,0
-0.6,-1.4,78.8,8.1,8.3,3,34,-0.6,evening,weekday,public_transport,medium,1
27.4,31.5,68.3,3.7,2.3,3,34,30.8,evening,weekday,car,medium,0
0.1,-1.2,64.8,13.5,0.0,0,66,0.1,morning,weekend,car,medium,0
1.3,0.3,21.5,10.2,0.0,6,32,1.3,afternoon,weekday,car,low,0
26.8,30.2,56.5,1.3,0.0,7,14,29.6,afternoon,weekday,public_transport,low,0
25.7,29.7,66.9,28.0,0.0,11,95,29.1,evening,weekday,walk,high,1
16.6,17.1,50.6,9.6,5.6,5,26,16.6,evening,weekday,car,high,0
14.3,14.4,11.7,14.8,0.0,1,32,14.3,afternoon,weekend,public_transport,high,0
-0.1,-0.6,61.9,5.3,0.0,8,20,-0.1,morning,weekday,public_transport,medium,0
14.1,14.5,39.6,6.1,0.0,3,44,14.1,morning,weekday,car,medium,0
-4.5,-4.5,71.8,0.4,0.0,6,23,-4.5,morning,weekday,walk,medium,1
20.9,25.7,79.0,24.2,0.0,7,21,24.9,morning,weekday,public_transport,medium,0
26.0,31.3,87.7,22.6,0.0,8,63,30.4,evening,weekend,car,high,0
10.8,10.9,16.4,8.9,0.0,2,48,10.8,evening,weekend,car,high,0
13.0,13.5,55.1,12.7,0.0,0,42,13.0,morning,weekday,public_transport,high,1
23.2,28.6,90.3,3.1,0.0,0,148,27.7,morning,weekend,car,high,0
30.5,32.3,29.6,10.1,0.0,10,39,32.0,morning,weekday,public_transport,low,0
16.9,17.5,61.0,26.9,0.0,7,37,16.9,evening,weekday,public_transport,high,0
15.9,16.8,90.6,4.8,0.0,9,44,15.9,afternoon,weekday,car,high,0
43.4,45.7,37.6,10.0,8.0,4,38,45.3,evening,weekday,public_transport,low,1
28.7,29.6,14.0,2.0,0.0,1,9,29.4,evening,weekend,walk,low,0
-2.6,-2.9,69.0,2.7,0.0,0,27,-2.6,morning,weekday,walk,medium,1
37.0,39.6,42.2,7.0,1.2,10,118,39.1,afternoon,weekend,car,medium,0
16.6,17.1,45.6,6.3,1.5,0,12,16.6,afternoon,weekday,public_transport,low,0
32.9,37.9,83.0,13.9,0.0,1,184,37.1,afternoon,weekday,public_transport,high,1
31.7,33.6,32.9,3.0,0.0,6,20,33.3,evening,weekday,public_transport,low,0
6.4,5.1,49.8,13.5,0.0,8,66,6.4,evening,weekend,public_transport,high,0
39.7,44.0,70.6,36.3,0.0,5,27,43.3,morning,weekday,car,medium,0
8.1,6.4,70.7,17.1,0.0,3,80,8.1,morning,weekday,car,low,0
35.2,36.0,13.7,3.1,4.6,0,23,35.9,afternoon,weekday,public_transport,high,1
25.5,28.0,41.5,13.3,0.0,2,122,27.6,morning,weekday,car,medium,0
26.1,29.4,54.6,12.1,1.9,3,81,28.8,evening,weekday,walk,high,1
43.4,44.9,25.3,11.0,3.2,9,36,44.6,afternoon,weekday,public_transport,medium,1
34.1,38.4,71.8,13.0,0.0,4,44,37.7,afternoon,weekday,car,low,0
15.7,16.4,73.2,9.4,0.0,6,47,15.7,morning,weekday,walk,medium,0
-3.4,-4.4,42.5,9.2,7.1,6,8,-3.4,morning,weekday,public_transport,low,1
3.0,2.2,45.8,7.2,0.0,2,12,3.0,morning,weekday,walk,medium,1
19.8,20.0,11.6,6.7,11.5,2,151,19.8,morning,weekday,public_transport,high,1
32.5,34.1,27.2,3.0,0.0,7,34,33.8,morning,weekday,car,medium,0
1.8,1.0,10.2,7.8,0.0,5,39,1.8,afternoon,weekend,walk,high,1
-3.9,-4.3,26.9,4.7,0.4,11,16,-3.9,morning,weekend,public_transport,high,1
36.8,39.4,44.0,2.2,0.0,3,59,39.0,evening,weekend,walk,low,1
44.9,49.4,75.0,5.0,0.0,1,44,48.6,afternoon,weekday,public_transport,medium,1
8.8,7.1,73.9,16.9,0.0,8,26,8.8,evening,weekend,public_transport,medium,0
23.1,27.2,67.4,4.2,4.7,0,9,26.5,evening,weekday,public_transport,high,1
27.4,28.0,10.4,5.8,0.0,8,12,27.9,afternoon,weekend,car,medium,0
26.4,27.1,11.8,7.3,0.0,3,23,27.0,morning,weekday,walk,medium,0
32.0,37.5,92.9,7.0,0.0,5,43,36.6,evening,weekend,car,low,0
8.0,5.9,16.6,20.8,13.5,8,81,8.0,morning,weekend,walk,low,1
26.3,28.7,40.1,5.0,9.6,1,14,28.3,afternoon,weekday,car,low,0
41.5,46.9,91.3,14.1,0.0,3,28,46.0,morning,weekday,walk,low,1
33.7,35.6,32.4,11.0,0.0,8,27,35.3,afternoon,weekday,walk,low,1
20.2,25.2,84.0,4.8,0.0,2,62,24.4,evening,weekday,public_transport,low,0
-2.9,-5.0,80.3,21.0,1.3,4,22,-2.9,afternoon,weekend,public_transport,medium,0
32.1,34.6,41.9,14.6,0.0,1,28,34.2,afternoon,weekend,car,medium,0
12.2,13.1,88.0,2.9,0.0,11,27,12.2,morning,weekday,public_transport,medium,1
6.7,2.4,66.1,42.8,0.0,9,49,6.7,morning,weekend,public_transport,low,0
4.5,2.5,65.3,19.8,0.0,7,27,4.5,evening,weekend,public_transport,low,0
19.4,19.8,34.4,6.7,0.0,11,29,19.4,evening,weekend,public_transport,high,1
-1.3,-2.8,43.3,15.2,0.0,9,26,-1.3,afternoon,weekday,public_transport,medium,0
26.4,31.4,82.8,20.3,0.0,11,84,30.5,evening,weekday,walk,medium,1
2.6,1.5,62.0,11.1,4.1,11,19,2.6,morning,weekday,walk,high,1
14.1,14.9,80.1,27.0,7.6,1,20,14.1,morning,weekend,walk,medium,1
42.5,45.4,48.7,7.0,0.4,4,21,44.9,evening,weekday,car,low,0
-1.1,-1.6,30.9,4.5,0.0,4,81,-1.1,afternoon,weekday,public_transport,medium,0
13.3,14.1,75.5,6.1,0.0,8,18,13.3,afternoon,weekday,public_transport,medium,0
-1.5,-2.5,60.9,9.5,0.0,0,60,-1.5,evening,weekday,public_transport,medium,0
11.5,12.4,87.0,8.1,0.0,9,22,11.5,evening,weekday,public_transport,medium,0
43.0,44.5,24.6,9.2,0.0,0,80,44.2,afternoon,weekend,public_transport,low,0
23.9,27.8,65.2,7.8,0.0,8,38,27.2,afternoon,weekday,walk,low,0
18.8,19.3,45.8,6.4,0.0,11,24,18.8,morning,weekday,car,medium,0
42.4,46.7,72.7,13.4,0.0,7,23,46.0,evening,weekend,public_transport,low,0
37.9,40.3,40.0,9.4,13.3,11,41,39.9,morning,weekday,walk,high,1
25.7,27.2,25.6,21.0,0.0,9,6,26.9,afternoon,weekday,walk,low,0
36.9,41.4,74.0,23.5,0.0,7,14,40.6,afternoon,weekday,public_transport,low,1
11.3,11.9,67.6,0.5,1.5,9,28,11.3,afternoon,weekday,car,high,0
30.2,31.2,16.3,7.3,5.3,0,27,31.0,evening,weekday,public_transport,high,1
12.6,13.3,68.2,5.3,0.0,1,25,12.6,morning,weekday,car,medium,0
12.5,12.9,31.2,4.9,0.0,8,56,12.5,morning,weekday,walk,low,0
32.0,37.4,90.8,4.2,0.3,4,30,36.5,morning,weekday,walk,medium,1
-4.7,-6.9,80.2,22.0,0.0,0,26,-4.7,evening,weekday,walk,low,0
29.1,33.6,74.7,4.8,6.2,6,124,32.9,afternoon,weekday,walk,low,1
0.2,-1.5,11.0,17.3,0.0,0,54,0.2,morning,weekday,walk,low,0
11.4,12.0,57.7,3.6,0.0,9,11,11.4,afternoon,weekday,public_transport,high,1
39.1,42.0,47.5,12.3,1.3,7,17,41.5,evening,weekday,walk,medium,1
28.5,32.1,60.6,1.1,0.0,10,32,31.5,evening,weekend,public_transport,low,0
42.5,45.5,49.2,11.9,4.0,6,23,45.0,morning,weekend,public_transport,low,1
40.9,42.3,24.0,13.2,0.4,5,26,42.1,evening,weekday,public_transport,high,1
12.6,12.9,28.8,15.6,1.8,11,20,12.6,morning,weekday,car,high,1
13.6,14.2,57.7,11.2,0.0,5,22,13.6,morning,weekday,walk,medium,1
24.2,29.1,80.5,9.7,6.5,2,26,28.3,afternoon,weekend,public_transport,high,1
7.6,7.5,17.4,1.1,0.0,10,41,7.6,morning,weekend,walk,high,1
20.7,24.1,55.6,10.0,0.0,10,42,23.5,evening,weekend,public_transport,high,1
31.0,35.6,76.2,2.3,1.1,10,3,34.8,morning,weekday,public_transport,high,1
31.1,34.1,50.9,15.8,0.0,8,14,33.6,morning,weekend,walk,high,1
24.5,29.1,77.4,6.7,0.0,0,60,28.4,evening,weekday,public_transport,high,0
5.5,4.9,50.8,5.2,0.0,7,44,5.5,evening,weekend,car,low,0
23.7,27.1,57.4,10.4,11.7,3,10,26.6,evening,weekday,public_transport,medium,1
1.6,-0.0,89.8,16.4,0.0,6,36,1.6,evening,weekend,public_transport,high,0
33.5,36.3,46.6,4.1,0.0,1,29,35.8,evening,weekend,public_transport,low,0
11.9,12.2,25.9,16.4,1.8,1,25,11.9,afternoon,weekday,car,low,0
41.3,42.1,14.2,5.9,0.0,5,26,42.0,morning,weekday,car,high,0
21.3,24.5,53.7,8.2,0.0,9,14,23.9,evening,weekday,public_transport,medium,0
40.0,45.6,94.2,12.3,0.0,2,21,44.7,afternoon,weekday,walk,high,1
26.0,29.3,55.5,6.0,5.8,8,56,28.8,afternoon,weekend,public_transport,high,1
28.3,30.1,30.4,19.3,0.0,6,48,29.8,evening,weekend,walk,low,0
39.9,45.3,88.8,5.4,0.0,1,13,44.4,evening,weekday,car,low,0
14.1,14.3,17.6,17.9,0.0,6,42,14.1,morning,weekday,car,medium,0
6.8,6.7,94.5,1.2,0.0,8,28,6.8,morning,weekday,public_transport,medium,0
28.9,32.6,61.1,5.9,0.0,8,42,31.9,afternoon,weekday,car,low,0
-1.0,-1.2,47.6,2.4,0.0,9,56,-1.0,evening,weekday,public_transport,medium,0
10.7,11.6,91.9,19.3,0.0,10,124,10.7,evening,weekday,car,medium,0
20.5,24.4,64.8,10.6,0.0,1,38,23.8,morning,weekday,public_transport,high,1
23.2,27.1,65.2,5.4,0.0,5,77,26.5,morning,weekend,public_transport,high,1
36.3,41.2,82.0,9.4,0.0,0,89,40.4,afternoon,weekday,public_transport,medium,1
31.5,37.0,92.9,2.5,0.0,0,35,36.1,afternoon,weekday,car,low,0
10.3,10.8,57.2,8.7,8.2,1,94,10.3,afternoon,weekend,walk,medium,1
28.5,29.8,22.7,9.4,0.9,8,41,29.6,morning,weekday,car,high,0
4.8,2.6,18.7,22.4,0.0,1,34,4.8,afternoon,weekday,walk,medium,1
41.9,47.2,87.3,30.1,0.0,0,137,46.3,afternoon,weekday,public_transport,medium,1
31.2,32.2,15.7,5.4,0.0,11,22,32.0,morning,weekday,public_transport,high,1
32.9,36.9,66.7,18.4,1.6,2,25,36.2,morning,weekday,car,medium,1
29.2,31.8,42.8,6.6,0.0,9,66,31.3,afternoon,weekend,public_transport,high,0
10.1,10.3,16.2,4.1,0.0,3,59,10.1,morning,weekday,walk,high,1
11.9,12.5,52.0,14.5,0.0,6,122,11.9,evening,weekend,public_transport,high,0
36.3,42.0,94.0,10.5,0.0,3,29,41.0,morning,weekday,walk,low,1
-3.4,-6.1,55.8,27.0,3.2,4,27,-3.4,morning,weekday,car,high,0
13.7,14.4,78.1,5.2,4.6,8,58,13.7,evening,weekday,car,medium,0
36.4,40.3,65.3,6.9,0.0,0,34,39.6,morning,weekend,public_transport,high,1
36.2,37.5,21.7,17.1,9.3,8,15,37.3,afternoon,weekday,car,high,1
1.9,-0.1,36.4,20.1,0.0,0,63,1.9,morning,weekend,walk,low,0
4.4,3.8,21.2,5.4,0.0,10,33,4.4,evening,weekday,walk,low,1
7.9,7.9,50.4,0.2,0.0,8,26,7.9,morning,weekend,walk,medium,0
0.2,-2.5,78.4,26.7,0.0,1,50,0.2,morning,weekend,walk,medium,0
17.3,17.8,53.8,23.2,0.0,10,32,17.3,afternoon,weekday,car,high,0
23.6,25.4,30.3,6.0,0.0,6,63,25.1,evening,weekday,public_transport,medium,0
2.3,0.7,10.7,15.6,4.1,1,4,2.3,afternoon,weekday,public_transport,low,0
37.9,40.0,34.8,7.5,0.0,3,23,39.6,afternoon,weekend,walk,low,1
28.2,32.8,76.8,11.6,0.0,11,16,32.1,evening,weekday,car,medium,0
30.8,32.1,21.8,1.9,4.0,9,73,31.9,afternoon,weekend,public_transport,low,0
30.1,35.5,91.1,15.0,0.0,6,21,34.6,afternoon,weekday,public_transport,low,0
11.1,11.3,27.7,15.1,0.0,0,86,11.1,morning,weekday,public_transport,medium,0
4.6,2.8,81.4,17.4,2.4,0,76,4.6,morning,weekday,public_transport,high,1
19.9,20.7,79.4,9.2,0.0,10,120,19.9,morning,weekday,car,high,0
35.3,40.7,89.8,5.9,0.0,5,59,39.8,afternoon,weekday,car,medium,0
7.4,5.4,25.2,20.1,0.0,9,55,7.4,evening,weekend,walk,medium,0
31.1,35.8,77.5,19.7,4.1,3,61,35.0,evening,weekend,car,low,0
-4.8,-5.5,21.5,7.9,0.0,11,43,-4.8,afternoon,weekday,car,high,0
18.0,18.2,12.0,20.1,0.0,10,53,18.0,evening,weekday,public_transport,medium,0
40.6,45.9,88.2,10.1,0.0,6,91,45.0,evening,weekday,walk,high,1
1.8,1.5,73.6,3.2,0.0,2,260,1.8,evening,weekday,car,medium,0
37.3,38.4,19.5,10.2,0.0,8,63,38.3,morning,weekday,public_transport,low,1
17.4,17.8,40.3,13.8,0.0,5,44,17.4,morning,weekday,public_transport,medium,0
35.1,36.3,19.1,13.4,0.0,4,36,36.1,afternoon,weekday,public_transport,high,1
43.5,48.7,86.8,9.2,0.0,3,17,47.9,afternoon,weekend,car,medium,0
29.2,31.9,44.9,15.8,0.0,6,17,31.4,afternoon,weekend,walk,low,0
7.3,7.0,78.6,2.3,0.0,11,8,7.3,evening,weekday,public_transport,high,1
-4.5,-5.3,28.9,7.9,4.6,3,13,-4.5,morning,weekday,public_transport,low,1
-1.8,-2.2,31.1,4.3,0.0,9,15,-1.8,morning,weekend,public_transport,low,0
18.1,18.5,43.2,2.2,6.3,6,11,18.1,evening,weekend,walk,medium,1
-0.0,-1.6,17.0,16.0,0.0,5,48,-0.0,afternoon,weekday,car,low,0
40.4,41.7,22.1,3.9,0.0,10,17,41.5,afternoon,weekday,car,low,0
25.5,26.9,24.1,15.1,0.0,4,12,26.7,evening,weekday,car,medium,0
22.0,26.3,71.5,14.5,13.5,3,72,25.5,morning,weekday,public_transport,medium,1
39.2,39.8,11.5,3.3,0.0,2,3,39.7,morning,weekday,walk,medium,1
3.2,3.0,58.3,1.5,0.0,5,64,3.2,morning,weekday,public_transport,medium,0
0.7,0.4,76.7,2.6,12.0,7,88,0.7,evening,weekday,car,medium,0
36.1,40.2,68.7,18.7,0.0,6,29,39.5,morning,weekday,public_transport,medium,1
26.0,27.9,32.0,8.3,0.0,7,183,27.6,afternoon,weekday,car,low,0
17.9,18.0,10.7,7.9,4.3,11,7,17.9,evening,weekday,walk,medium,1
16.5,17.3,79.9,7.1,0.0,9,55,16.5,morning,weekday,car,medium,0
29.4,31.0,25.9,11.3,0.0,5,41,30.7,morning,weekend,walk,low,0
15.1,15.6,50.7,7.1,0.0,2,24,15.1,afternoon,weekday,public_transport,high,1
3.5,0.1,67.0,33.3,0.0,6,52,3.5,morning,weekend,public_transport,medium,0
18.3,19.0,65.6,11.9,16.7,8,17,18.3,afternoon,weekend,public_transport,medium,1
27.4,28.4,17.2,9.1,7.4,10,44,28.2,afternoon,weekend,public_transport,medium,1
43.7,44.9,20.2,23.6,4.4,1,73,44.7,morning,weekend,public_transport,high,1
35.5,36.4,15.0,4.4,0.0,1,11,36.3,evening,weekday,public_transport,low,0
31.9,34.0,34.4,19.1,0.0,6,25,33.6,evening,weekday,car,medium,0
8.1,7.4,66.9,7.2,0.0,1,57,8.1,afternoon,weekday,walk,low,0
42.9,48.6,94.9,17.6,0.0,2,50,47.6,afternoon,weekend,car,medium,0
6.4,5.4,16.4,9.9,11.7,10,21,6.4,evening,weekday,walk,medium,1
36.0,41.4,90.3,6.3,6.7,8,22,40.5,evening,weekend,public_transport,high,1
29.1,32.8,62.6,2.5,0.0,7,28,32.2,evening,weekday,public_transport,medium,0
11.6,12.2,58.6,17.4,0.0,8,4,11.6,afternoon,weekend,public_transport,high,0
18.1,18.5,38.8,7.2,3.5,8,23,18.1,afternoon,weekday,walk,medium,1
42.5,45.3,47.6,17.6,0.0,7,43,44.8,evening,weekday,public_transport,low,1
6.6,5.9,55.9,6.3,0.0,3,24,6.6,morning,weekday,car,medium,0
28.5,32.4,64.8,10.9,1.0,0,37,31.8,morning,weekend,public_transport,high,0
41.5,44.2,45.6,5.0,2.0,11,62,43.8,morning,weekday,car,medium,1
26.4,30.4,67.3,1.2,0.0,10,86,29.7,afternoon,weekend,walk,low,0
40.7,41.4,10.8,18.2,0.0,9,13,41.3,afternoon,weekend,public_transport,high,1
10.1,10.6,53.0,6.5,0.0,9,10,10.1,morning,weekday,public_transport,low,0
34.6,37.2,43.1,3.9,3.5,0,66,36.8,morning,weekday,walk,low,1
5.6,5.0,45.8,6.5,0.7,3,5,5.6,afternoon,weekday,public_transport,medium,0
-3.2,-3.8,44.4,5.9,0.8,0,21,-3.2,evening,weekday,car,low,0
5.5,3.8,35.9,17.1,7.3,3,41,5.5,evening,weekend,car,medium,0
21.3,26.7,90.8,5.8,0.0,7,34,25.8,morning,weekday,car,medium,0
31.2,34.8,60.9,13.2,1.6,11,14,34.2,afternoon,weekday,car,medium,0
19.3,19.7,39.4,4.2,0.0,7,22,19.3,evening,weekday,public_transport,medium,0
15.6,15.8,20.1,8.0,0.0,11,10,15.6,afternoon,weekday,car,high,0
30.5,33.3,46.1,11.5,0.0,1,7,32.8,evening,weekday,public_transport,high,0
2.5,0.8,74.9,16.4,0.0,2,25,2.5,evening,weekday,walk,medium,0
31.1,33.7,43.2,9.6,2.9,5,45,33.2,morning,weekday,public_transport,medium,1
39.7,44.0,71.4,2.8,0.0,3,36,43.3,evening,weekend,public_transport,high,1
16.3,16.8,43.5,1.0,0.0,7,34,16.3,afternoon,weekend,public_transport,medium,0
1.7,0.4,24.0,12.8,0.0,10,55,1.7,morning,weekend,car,medium,0
-3.8,-4.8,30.0,9.8,0.0,0,171,-3.8,afternoon,weekday,car,low,0
34.8,37.3,41.7,9.5,0.3,10,27,36.8,morning,weekend,walk,low,1
35.4,40.0,76.8,6.5,13.8,1,70,39.2,morning,weekday,walk,medium,1
38.3,41.7,56.7,10.3,18.4,5,29,41.1,morning,weekday,car,medium,1
18.4,18.8,36.6,7.0,0.0,3,9,18.4,morning,weekend,public_transport,medium,0
17.8,18.0,19.1,9.8,6.6,2,103,17.8,evening,weekday,car,medium,0
19.1,19.6,48.1,8.3,0.2,4,36,19.1,evening,weekday,public_transport,medium,0
32.2,34.5,39.7,2.9,0.0,3,25,34.2,morning,weekday,public_transport,medium,0
36.5,41.9,88.8,3.3,0.0,11,14,41.0,evening,weekday,walk,medium,1
38.0,43.4,89.6,10.4,0.0,0,15,42.5,morning,weekend,public_transport,high,1
23.9,26.5,43.2,35.3,0.0,5,27,26.0,morning,weekend,walk,high,1
39.7,44.6,81.9,7.7,0.0,8,14,43.8,afternoon,weekday,public_transport,high,1
11.9,12.5,66.3,8.7,0.0,1,6,11.9,morning,weekday,public_transport,medium,0
9.3,8.8,70.0,4.8,0.0,9,46,9.3,afternoon,weekday,public_transport,high,1
1.4,0.7,18.6,7.0,0.0,1,31,1.4,afternoon,weekday,public_transport,low,0
25.2,27.9,44.4,5.2,0.0,9,17,27.4,evening,weekend,public_transport,medium,0
21.1,25.8,77.4,12.5,0.0,6,50,25.0,evening,weekday,car,high,0
19.3,19.5,23.0,7.3,0.0,5,19,19.3,evening,weekend,car,medium,0
19.7,20.3,55.7,15.8,0.0,8,18,19.7,afternoon,weekday,car,low,0
9.2,8.1,91.8,10.6,0.0,9,56,9.2,evening,weekday,public_transport,high,0
3.8,2.4,49.9,14.6,0.0,3,24,3.8,evening,weekday,public_transport,low,0
-1.7,-2.5,55.3,8.3,0.0,5,27,-1.7,evening,weekend,walk,medium,0
-3.0,-3.6,67.9,5.8,0.0,0,84,-3.0,morning,weekday,public_transport,low,0
17.5,17.9,49.5,15.8,0.0,10,33,17.5,afternoon,weekday,public_transport,medium,0
31.4,32.4,17.9,8.1,9.6,2,81,32.3,evening,weekday,car,medium,0
34.9,39.8,80.4,9.3,0.0,2,99,39.0,afternoon,weekend,walk,medium,1
37.1,39.9,47.4,24.4,0.0,0,26,39.5,evening,weekend,walk,medium,1
8.4,7.6,51.6,7.3,0.0,8,4,8.4,afternoon,weekend,walk,high,1
17.0,17.6,60.6,20.4,0.2,2,62,17.0,morning,weekday,public_transport,medium,0
10.2,10.4,23.6,4.8,0.0,1,23,10.2,morning,weekday,walk,medium,0
5.3,3.8,88.0,15.3,5.4,9,19,5.3,morning,weekday,car,medium,0
3.8,2.8,19.5,9.5,0.0,5,100,3.8,afternoon,weekday,public_transport,medium,0
33.9,37.7,62.2,21.7,0.0,6,30,37.0,afternoon,weekday,car,medium,0
14.5,14.9,39.6,4.9,0.0,5,34,14.5,evening,weekday,car,low,0
28.1,30.2,35.1,17.6,12.3,4,12,29.8,morning,weekday,public_transport,medium,1
20.9,22.7,29.2,13.2,0.0,7,11,22.4,evening,weekend,walk,medium,1
11.7,12.2,49.0,8.7,0.0,0,50,11.7,morning,weekday,public_transport,low,0
3.9,2.7,40.6,12.8,2.2,3,8,3.9,evening,weekend,public_transport,low,0
10.3,10.7,36.3,6.0,4.8,8,235,10.3,morning,weekday,public_transport,medium,1
7.6,7.4,94.1,1.8,17.4,2,99,7.6,evening,weekday,public_transport,high,1
30.0,32.8,47.5,4.6,0.0,8,131,32.4,afternoon,weekday,public_transport,medium,0
33.7,34.9,20.4,1.6,0.0,6,4,34.7,morning,weekday,public_transport,low,0
11.5,11.7,20.3,2.5,12.7,1,23,11.5,evening,weekday,car,medium,0
22.1,27.7,94.3,8.5,0.0,4,49,26.8,morning,weekend,public_transport,medium,0
38.3,39.4,18.5,25.1,0.0,9,39,39.2,evening,weekend,public_transport,medium,1
-0.9,-1.8,40.4,9.6,0.0,0,120,-0.9,morning,weekend,walk,medium,0
29.2,29.9,11.6,12.0,0.0,9,29,29.8,evening,weekend,car,medium,0
43.1,46.8,62.8,27.0,0.0,4,43,46.2,morning,weekday,walk,medium,1
19.8,20.6,79.4,10.5,0.0,3,62,19.8,evening,weekend,car,high,0
25.7,30.1,73.7,11.8,0.0,8,13,29.3,morning,weekday,car,high,0
35.7,40.8,85.7,6.3,0.0,10,12,39.9,morning,weekday,public_transport,medium,1
3.6,2.9,91.1,7.1,0.0,2,55,3.6,afternoon,weekend,walk,medium,0
13.0,13.1,12.3,10.1,0.0,11,79,13.0,evening,weekday,public_transport,low,0
-0.8,-2.6,11.7,18.5,2.7,11,31,-0.8,afternoon,weekend,public_transport,high,1
36.3,37.3,15.6,16.6,0.0,5,27,37.1,morning,weekday,public_transport,low,1
44.6,50.2,92.6,2.0,0.0,7,15,49.3,morning,weekday,public_transport,high,1
7.3,6.8,41.3,4.5,0.0,4,46,7.3,morning,weekday,public_transport,medium,0
-4.8,-5.1,56.1,3.1,5.7,10,26,-4.8,morning,weekday,public_transport,medium,1
0.9,0.8,37.0,0.7,0.0,4,140,0.9,evening,weekday,car,high,0
40.3,41.6,22.2,7.5,0.0,10,20,41.4,morning,weekday,public_transport,medium,1
42.3,45.3,49.2,9.6,2.6,2,102,44.8,evening,weekend,public_transport,medium,1
35.9,41.3,89.5,10.3,0.0,4,8,40.4,morning,weekday,car,low,0
13.2,13.3,10.5,0.2,0.0,9,7,13.2,morning,weekday,walk,medium,1
12.7,13.1,37.1,7.0,0.0,4,41,12.7,afternoon,weekday,public_transport,low,0
33.7,35.2,25.5,6.5,0.0,7,135,34.9,evening,weekend,car,high,0
20.4,23.1,44.7,2.4,0.0,2,13,22.6,evening,weekend,public_transport,high,0
24.2,27.6,57.0,14.7,2.6,7,17,27.0,afternoon,weekday,public_transport,medium,1
0.6,-3.0,53.5,35.6,0.0,2,43,0.6,morning,weekday,public_transport,high,1
29.7,30.7,17.1,2.3,0.0,2,267,30.5,afternoon,weekday,public_transport,high,1
42.5,47.7,86.0,18.5,0.0,7,16,46.8,evening,weekday,public_transport,low,1
17.1,17.6,57.5,1.0,0.0,0,81,17.1,evening,weekday,walk,medium,0
10.3,10.9,67.2,15.0,0.0,2,65,10.3,morning,weekday,public_transport,high,1
22.8,23.9,17.8,2.9,0.0,10,34,23.7,afternoon,weekend,walk,medium,1
20.4,23.0,43.3,7.2,5.3,3,25,22.6,afternoon,weekday,car,medium,0
27.4,28.1,12.2,15.7,0.0,5,43,28.0,evening,weekday,car,medium,0
12.7,13.6,86.7,23.9,0.2,6,68,12.7,morning,weekday,public_transport,medium,0
-1.3,-2.1,21.9,8.0,0.0,4,131,-1.3,afternoon,weekend,car,low,0
41.8,44.1,38.9,9.8,0.0,10,10,43.7,afternoon,weekend,walk,low,1
27.1,28.0,15.3,4.2,0.0,6,30,27.8,morning,weekday,car,high,0
6.1,5.1,32.5,9.6,0.0,10,11,6.1,evening,weekday,walk,high,1
26.7,29.7,50.6,14.0,0.0,3,64,29.2,afternoon,weekday,walk,medium,1
10.6,11.5,89.0,6.8,13.5,8,13,10.6,evening,weekday,public_transport,high,1
26.2,30.3,67.4,7.5,0.0,10,97,29.6,evening,weekday,public_transport,low,0
39.4,44.7,88.8,2.6,0.0,7,8,43.8,afternoon,weekday,public_transport,medium,1
-2.5,-4.2,39.4,16.4,0.0,1,12,-2.5,afternoon,weekday,public_transport,high,1
11.3,12.3,94.4,7.1,0.0,0,12,11.3,afternoon,weekend,car,low,0
5.2,5.0,78.8,2.8,0.0,11,74,5.2,evening,weekday,walk,high,1
6.8,6.4,49.3,4.3,0.0,9,19,6.8,morning,weekday,public_transport,high,1
41.8,43.3,26.5,11.1,0.0,0,13,43.1,evening,weekday,walk,low,1
14.0,14.2,10.8,3.9,0.0,7,105,14.0,morning,weekend,public_transport,high,0
13.5,14.2,76.5,8.3,0.0,7,138,13.5,morning,weekday,car,medium,0
10.7,10.9,18.4,6.5,0.4,8,20,10.7,morning,weekend,car,low,0
3.1,1.7,16.9,14.5,0.0,11,48,3.1,afternoon,weekday,walk,medium,1
2.1,0.8,31.4,12.7,0.2,6,40,2.1,afternoon,weekend,public_transport,medium,0
37.1,40.7,61.0,2.6,0.0,1,270,40.1,afternoon,weekday,public_transport,high,1
28.6,30.3,29.0,12.7,0.7,7,19,30.0,afternoon,weekday,walk,low,0
38.8,43.6,79.8,6.4,0.0,1,35,42.8,morning,weekend,walk,high,1
15.6,16.2,64.2,4.6,0.0,7,41,15.6,evening,weekday,walk,high,1
-4.1,-4.5,66.2,3.9,0.0,11,28,-4.1,afternoon,weekday,walk,low,0
36.3,38.8,42.2,6.6,0.0,8,18,38.4,morning,weekday,car,low,0
14.4,14.6,25.8,10.9,0.5,10,29,14.4,morning,weekday,public_transport,low,0
19.9,20.5,59.4,4.0,4.4,2,20,19.9,evening,weekday,walk,low,1
4.0,3.6,67.7,4.1,0.0,4,50,4.0,morning,weekday,car,high,0
6.7,6.6,27.1,1.5,0.0,7,36,6.7,afternoon,weekday,public_transport,high,1
-2.3,-2.9,31.7,5.4,0.0,5,30,-2.3,evening,weekend,car,medium,0
27.4,28.4,16.5,12.3,5.3,9,33,28.2,afternoon,weekend,walk,low,1
8.7,8.1,35.6,5.7,6.3,2,53,8.7,afternoon,weekday,public_transport,high,1
33.4,34.5,17.0,14.8,5.9,9,58,34.3,morning,weekday,public_transport,low,1
16.8,17.6,78.1,7.9,0.0,4,17,16.8,evening,weekday,walk,high,1
20.0,25.4,88.8,13.5,13.2,1,79,24.5,evening,weekday,public_transport,medium,1
7.4,6.9,78.6,4.6,0.0,3,46,7.4,morning,weekday,car,high,0
28.7,33.0,71.4,15.2,0.0,6,17,32.3,morning,weekend,car,medium,0
36.4,38.1,28.5,0.9,16.5,4,24,37.8,afternoon,weekday,public_transport,low,1
18.3,18.9,60.7,10.4,0.0,2,23,18.3,afternoon,weekday,public_transport,medium,0
30.5,35.1,75.9,3.2,0.0,0,69,34.3,evening,weekday,public_transport,medium,0
9.6,9.2,56.1,4.5,0.0,11,7,9.6,evening,weekday,car,high,0
22.4,25.3,49.4,8.3,0.7,11,31,24.8,morning,weekday,walk,high,1
43.8,44.9,17.6,5.3,0.0,7,16,44.7,morning,weekday,car,medium,0
-3.5,-4.9,50.9,14.2,0.0,10,12,-3.5,morning,weekday,public_transport,high,1
40.2,45.9,94.4,5.4,0.0,1,42,45.0,afternoon,weekend,public_transport,low,0
33.0,36.8,63.2,9.1,3.3,3,24,36.2,morning,weekday,public_transport,high,1
2.8,1.7,10.3,11.0,0.0,10,22,2.8,afternoon,weekend,car,low,0
20.1,25.2,83.8,2.0,3.5,11,26,24.3,afternoon,weekend,public_transport,high,1
24.0,26.7,44.5,6.7,2.3,7,50,26.2,morning,weekday,walk,medium,1
16.5,17.2,71.0,2.8,0.0,8,13,16.5,evening,weekday,public_transport,medium,0
19.1,19.2,10.3,6.5,0.0,1,21,19.1,evening,weekday,public_transport,low,0
-2.0,-2.4,72.4,4.3,0.0,2,28,-2.0,morning,weekday,walk,medium,1
41.6,44.2,44.5,0.3,0.0,11,63,43.8,afternoon,weekday,public_transport,medium,1
32.8,38.4,93.7,10.1,0.0,10,48,37.5,afternoon,weekday,car,medium,0
7.8,7.3,65.3,4.5,0.0,2,27,7.8,morning,weekend,public_transport,medium,0
20.2,22.9,45.2,25.5,0.0,0,66,22.5,morning,weekday,public_transport,medium,0
30.9,34.9,65.8,14.2,0.0,9,17,34.2,evening,weekend,car,high,0
28.5,29.8,21.4,10.7,8.8,3,34,29.6,morning,weekday,public_transport,high,1
2.1,1.1,76.6,9.7,6.4,10,39,2.1,morning,weekday,car,low,0
-1.0,-1.8,34.7,7.4,0.0,9,75,-1.0,morning,weekday,public_transport,low,0
42.8,47.2,72.9,8.2,0.0,1,4,46.5,afternoon,weekday,car,high,0
-2.7,-4.3,21.2,16.2,0.0,8,73,-2.7,evening,weekday,public_transport,low,0
34.9,39.5,76.1,8.3,0.0,0,19,38.7,afternoon,weekday,public_transport,high,1
29.6,32.8,54.1,14.5,0.0,2,92,32.3,evening,weekday,walk,medium,1
29.5,34.2,78.9,5.5,2.8,6,97,33.5,evening,weekend,public_transport,medium,0
20.8,26.2,90.3,5.6,4.0,8,15,25.3,afternoon,weekday,car,medium,0
25.3,28.2,47.1,14.9,3.3,5,15,27.7,morning,weekend,public_transport,medium,0
11.2,11.9,67.9,10.5,15.3,2,14,11.2,morning,weekday,walk,low,1
11.1,11.3,16.2,5.4,0.5,10,8,11.1,evening,weekend,walk,medium,0
13.8,14.3,52.5,8.5,6.0,4,26,13.8,evening,weekday,car,high,0
4.5,3.7,62.0,7.3,1.6,5,59,4.5,afternoon,weekend,public_transport,high,1
29.5,32.6,50.8,15.5,0.0,8,11,32.1,afternoon,weekday,car,low,0
42.0,43.6,26.9,7.5,2.1,4,20,43.3,afternoon,weekend,walk,low,1
37.0,41.1,67.9,21.3,28.3,8,32,40.4,afternoon,weekend,walk,high,1
33.6,39.0,88.8,7.6,0.7,10,17,38.1,evening,weekend,walk,medium,1
24.4,28.9,75.2,24.4,1.9,6,34,28.1,morning,weekday,public_transport,medium,1
40.6,45.2,75.7,4.1,0.0,1,58,44.4,afternoon,weekday,car,high,1
36.8,41.6,80.0,21.7,11.4,2,12,40.8,morning,weekend,car,high,1
0.4,0.0,49.8,4.0,0.0,9,47,0.4,morning,weekend,car,low,0
13.5,14.2,65.6,9.2,0.0,0,29,13.5,morning,weekday,walk,low,1
5.5,5.0,66.5,5.0,0.0,8,64,5.5,afternoon,weekday,car,low,0
23.3,27.8,76.2,8.7,0.0,11,38,27.1,afternoon,weekday,public_transport,medium,0
12.8,13.7,85.6,3.1,0.0,7,40,12.8,evening,weekday,public_transport,high,0
36.2,41.4,86.1,17.8,0.0,6,98,40.5,morning,weekday,public_transport,low,1
16.5,17.2,76.6,3.3,0.0,0,29,16.5,evening,weekend,public_transport,medium,0
14.0,14.4,42.6,10.8,0.0,1,8,14.0,afternoon,weekday,public_transport,high,0
32.1,35.2,51.7,7.5,0.0,3,72,34.7,evening,weekday,public_transport,medium,0
32.8,38.0,86.0,18.6,0.0,0,47,37.1,morning,weekday,walk,high,1
-1.7,-2.4,18.4,6.5,4.5,7,91,-1.7,morning,weekend,public_transport,medium,1
5.9,5.4,78.4,4.9,0.0,9,170,5.9,afternoon,weekend,car,medium,0
31.1,34.6,58.0,13.8,0.0,3,5,34.0,afternoon,weekday,walk,low,0
23.5,26.7,54.9,6.7,6.0,1,15,26.2,afternoon,weekday,public_transport,low,0
26.5,29.4,47.7,3.4,0.0,7,61,28.9,morning,weekday,public_transport,low,0
27.7,31.1,56.6,13.2,0.0,5,63,30.5,evening,weekday,public_transport,medium,0
24.0,24.8,13.8,21.2,0.0,8,17,24.7,evening,weekend,walk,medium,0
6.7,5.9,51.1,8.2,0.0,3,31,6.7,evening,weekend,car,medium,0
43.1,47.5,73.2,7.8,0.0,2,12,46.8,morning,weekday,walk,medium,1
35.4,36.3,15.4,15.4,0.0,9,32,36.2,afternoon,weekend,walk,high,1
9.8,7.5,78.2,22.8,0.0,7,7,9.8,afternoon,weekday,walk,medium,0
32.2,34.8,43.3,2.0,8.7,5,28,34.4,afternoon,weekend,walk,medium,1
21.4,24.3,47.1,10.1,0.0,6,7,23.8,morning,weekday,public_transport,medium,0
42.7,45.0,38.0,12.0,0.0,7,129,44.6,morning,weekday,car,high,1
7.2,7.0,86.5,2.6,0.0,9,78,7.2,evening,weekday,walk,medium,0
2.7,2.2,34.4,5.1,0.0,1,86,2.7,evening,weekday,car,medium,0
29.5,34.1,75.8,11.3,0.0,6,30,33.3,evening,weekday,public_transport,medium,0
18.9,19.8,90.6,44.1,0.0,10,58,18.9,afternoon,weekday,walk,low,0
20.1,21.8,27.8,2.2,0.0,8,8,21.5,evening,weekday,walk,high,1
14.4,15.1,69.1,5.7,0.0,8,47,14.4,morning,weekday,public_transport,low,0
38.0,42.1,68.0,13.6,1.2,1,48,41.4,morning,weekend,walk,high,1
31.6,32.6,16.5,9.8,0.0,6,16,32.4,morning,weekday,walk,high,1
15.0,15.6,66.3,18.2,0.0,9,13,15.0,afternoon,weekday,public_transport,low,0
15.7,16.5,85.4,4.8,0.0,8,23,15.7,evening,weekend,car,high,0
30.6,36.3,93.8,16.4,0.0,1,57,35.3,afternoon,weekend,public_transport,low,0
3.6,2.7,21.2,8.9,0.7,7,112,3.6,evening,weekday,public_transport,medium,0
2.5,1.2,12.1,12.0,0.0,4,67,2.5,evening,weekday,public_transport,low,0
15.5,15.7,23.8,15.6,0.0,4,26,15.5,morning,weekday,public_transport,high,1
8.6,8.4,54.0,2.0,0.0,11,187,8.6,morning,weekday,car,high,0
10.3,10.8,54.7,11.7,1.9,2,300,10.3,morning,weekday,public_transport,high,1
5.0,4.5,76.5,4.7,1.5,8,6,5.0,afternoon,weekday,public_transport,medium,0
7.4,6.7,47.5,7.9,4.9,11,22,7.4,evening,weekday,public_transport,medium,1
23.9,28.5,76.6,19.0,0.0,8,58,27.7,morning,weekend,walk,medium,0
21.2,24.6,57.0,4.4,0.0,4,37,24.1,evening,weekday,car,high,0
1.4,0.5,25.2,8.8,0.0,5,14,1.4,afternoon,weekday,public_transport,low,0
18.6,18.7,12.2,17.7,0.0,2,12,18.6,morning,weekend,public_transport,low,0
13.0,13.9,88.7,5.5,0.0,2,14,13.0,evening,weekday,public_transport,high,1
13.2,14.2,93.9,3.4,0.0,0,6,13.2,morning,weekday,public_transport,medium,0
34.5,36.0,25.4,12.7,0.0,7,117,35.7,morning,weekday,car,medium,0
20.8,24.1,55.8,6.4,2.0,5,17,23.6,afternoon,weekend,public_transport,low,0
2.1,1.0,54.4,11.3,0.0,10,48,2.1,afternoon,weekday,car,medium,0
8.5,7.6,43.9,8.5,0.0,6,64,8.5,evening,weekend,walk,low,0
14.8,15.3,44.5,5.5,0.0,5,14,14.8,afternoon,weekend,walk,medium,0
29.6,33.1,57.6,15.7,0.0,4,14,32.5,afternoon,weekday,car,low,0
4.0,3.6,25.3,4.5,0.0,7,5,4.0,morning,weekday,walk,medium,0
12.0,12.2,16.1,3.2,3.0,5,68,12.0,evening,weekend,car,high,0
25.2,27.0,30.4,8.4,0.0,0,20,26.7,morning,weekday,car,medium,0
12.2,13.0,78.9,3.9,0.0,2,18,12.2,afternoon,weekend,public_transport,low,0
-2.7,-3.0,91.1,2.5,0.0,5,10,-2.7,evening,weekday,public_transport,low,0
25.0,27.9,47.3,14.0,0.0,8,25,27.4,morning,weekday,public_transport,high,1
-3.9,-5.8,31.8,19.1,0.0,4,23,-3.9,morning,weekday,walk,medium,0
3.2,2.8,12.2,4.0,0.6,11,9,3.2,afternoon,weekday,walk,low,1
21.2,26.7,90.5,3.8,0.0,0,54,25.8,afternoon,weekday,car,high,0
9.3,9.1,40.4,2.2,0.0,2,21,9.3,morning,weekday,public_transport,low,0
31.9,37.0,84.9,24.4,0.0,4,23,36.2,evening,weekday,public_transport,high,1
30.5,32.7,36.1,4.6,7.0,0,25,32.3,morning,weekday,car,high,0
22.2,25.9,60.1,21.7,0.0,9,36,25.3,evening,weekday,car,medium,0
34.7,36.1,23.2,29.6,0.0,5,43,35.8,evening,weekend,walk,low,1
33.8,39.3,90.8,26.6,0.0,9,48,38.3,evening,weekend,car,medium,0
32.6,35.8,54.1,0.9,0.0,0,7,35.3,evening,weekday,public_transport,low,0
-3.5,-4.3,31.0,8.3,0.0,5,97,-3.5,evening,weekend,car,high,0
26.5,30.5,65.5,6.1,9.6,3,58,29.8,evening,weekday,car,high,0
43.4,45.7,37.4,13.4,6.2,0,81,45.3,morning,weekend,car,medium,1
9.8,9.7,61.8,1.4,0.0,9,26,9.8,morning,weekday,car,high,0
32.7,33.4,11.8,2.3,0.0,5,15,33.3,morning,weekday,car,medium,0
14.0,14.3,36.0,2.3,34.7,5,155,14.0,morning,weekday,public_transport,low,1
10.8,11.3,54.9,3.0,0.0,10,16,10.8,evening,weekend,public_transport,high,0
10.9,11.2,32.2,3.2,0.0,9,8,10.9,morning,weekday,public_transport,medium,0
16.7,17.0,31.3,17.2,0.0,10,10,16.7,evening,weekday,car,low,0
35.9,38.2,37.7,3.8,0.0,9,119,37.8,afternoon,weekday,public_transport,medium,1
10.4,11.1,65.7,5.9,0.0,0,23,10.4,evening,weekday,car,medium,0
27.5,31.9,73.2,7.9,21.8,6,85,31.2,afternoon,weekend,car,high,0
10.8,11.0,17.7,22.2,0.0,9,44,10.8,evening,weekend,public_transport,high,0
0.3,0.0,39.8,2.4,0.0,1,197,0.3,afternoon,weekend,car,high,0
21.5,22.1,10.6,1.4,0.0,1,18,22.0,afternoon,weekday,walk,medium,0
8.8,6.8,41.5,19.8,0.0,10,14,8.8,evening,weekday,car,high,0
42.2,45.2,49.4,7.2,0.0,9,17,44.7,morning,weekday,public_transport,high,1
6.5,4.6,76.4,18.5,0.0,1,74,6.5,morning,weekday,public_transport,medium,0
20.7,23.3,42.8,8.7,0.0,7,35,22.9,evening,weekday,car,medium,0
35.3,39.0,61.5,2.2,0.0,1,43,38.3,afternoon,weekday,walk,medium,1
39.2,42.0,46.4,7.4,0.0,6,23,41.5,morning,weekday,walk,medium,1
6.4,4.6,68.9,18.4,0.0,9,12,6.4,morning,weekend,public_transport,low,0
26.8,29.4,42.9,13.8,0.0,8,101,29.0,morning,weekday,walk,low,0
13.9,14.2,33.5,5.9,0.0,8,68,13.9,morning,weekday,car,high,0
12.4,13.0,62.7,30.5,0.0,10,9,12.4,evening,weekday,car,low,0
-3.0,-3.4,46.6,3.7,0.0,3,17,-3.0,morning,weekday,car,high,0
31.9,37.4,90.5,8.2,0.0,6,39,36.5,afternoon,weekday,public_transport,medium,1
23.0,27.4,74.3,5.4,0.0,11,89,26.7,morning,weekend,walk,low,0
13.6,14.2,52.5,8.0,0.0,2,24,13.6,afternoon,weekday,car,medium,0
35.2,38.1,46.9,9.7,0.0,8,31,37.6,evening,weekend,public_transport,high,1
18.5,18.7,23.7,4.5,0.0,3,15,18.5,afternoon,weekend,public_transport,high,0
6.7,5.6,66.1,11.9,0.0,8,43,6.7,afternoon,weekday,car,high,0
36.4,40.3,65.4,8.3,0.6,7,29,39.6,evening,weekday,walk,low,1
-0.3,-2.0,19.7,17.5,0.0,4,37,-0.3,evening,weekday,walk,medium,0
37.6,41.5,65.6,3.6,0.0,8,57,40.8,morning,weekday,public_transport,low,1
22.6,26.0,56.3,11.9,0.0,2,9,25.5,morning,weekday,car,high,0
11.7,12.7,93.4,12.1,1.1,3,19,11.7,evening,weekday,public_transport,low,0
28.9,29.8,13.6,6.6,0.0,9,5,29.6,afternoon,weekend,public_transport,high,0
39.9,41.8,32.4,12.8,0.0,11,96,41.5,evening,weekend,car,low,0
29.2,30.3,18.2,6.3,0.0,3,83,30.1,afternoon,weekday,public_transport,high,0
23.3,28.8,92.4,11.4,0.0,7,12,27.9,morning,weekday,car,high,0
11.3,11.4,16.1,8.3,0.0,3,35,11.3,morning,weekend,public_transport,low,0
32.6,33.7,17.7,4.7,1.3,2,22,33.5,evening,weekday,walk,medium,1
34.8,40.3,91.0,9.6,0.0,7,33,39.4,evening,weekend,public_transport,high,1
-2.0,-2.8,13.4,7.7,0.0,0,43,-2.0,morning,weekday,public_transport,high,1
41.0,41.8,14.0,13.5,0.0,1,10,41.7,afternoon,weekend,public_transport,medium,0
5.4,4.7,17.6,6.2,0.0,0,39,5.4,afternoon,weekday,public_transport,high,0
-4.6,-5.1,94.6,5.0,3.3,5,41,-4.6,evening,weekday,public_transport,high,1
7.7,5.1,25.1,26.2,0.0,11,107,7.7,morning,weekend,car,medium,0
11.3,11.8,43.6,2.0,0.0,0,77,11.3,afternoon,weekday,car,medium,0
32.2,35.9,61.9,14.0,0.0,0,54,35.3,afternoon,weekday,public_transport,low,1
13.9,14.8,89.9,12.9,0.0,8,39,13.9,morning,weekend,public_transport,high,1
-1.8,-2.1,59.4,3.0,0.0,7,28,-1.8,afternoon,weekday,public_transport,high,0
24.6,26.8,36.6,12.7,0.0,3,9,26.5,morning,weekday,public_transport,medium,0
34.0,35.6,26.6,7.3,0.0,10,48,35.3,evening,weekday,car,medium,0
28.0,32.8,80.3,2.8,0.0,8,33,32.0,evening,weekend,public_transport,low,0
18.2,18.9,75.0,19.8,0.0,6,82,18.2,morning,weekday,public_transport,low,0
13.7,14.1,38.4,12.2,0.0,8,11,13.7,afternoon,weekend,car,low,0
39.5,42.9,57.2,0.6,0.0,10,73,42.3,afternoon,weekend,walk,medium,1
9.6,8.6,61.1,9.6,0.0,4,37,9.6,evening,weekday,walk,medium,0
-3.4,-5.5,50.6,21.7,0.0,1,26,-3.4,evening,weekday,public_transport,medium,0
27.0,31.7,78.8,8.2,0.1,10,115,30.9,morning,weekend,car,high,0
38.9,40.4,26.0,2.4,0.0,0,145,40.2,evening,weekday,car,high,0
-1.7,-2.9,65.5,12.1,34.8,9,39,-1.7,morning,weekend,public_transport,high,1
21.5,23.0,25.2,7.9,0.0,0,87,22.7,evening,weekday,public_transport,medium,0
41.9,44.1,36.1,15.1,0.0,0,23,43.7,morning,weekday,car,high,0
-4.5,-4.6,74.9,0.8,0.0,7,198,-4.5,afternoon,weekday,public_transport,medium,1
36.3,41.8,91.7,4.8,0.0,5,14,40.9,evening,weekday,walk,low,1
32.8,38.2,89.2,6.3,0.0,8,23,37.3,evening,weekday,car,high,1
16.6,17.4,82.6,11.6,3.8,5,62,16.6,afternoon,weekday,public_transport,high,1
26.0,29.7,62.4,6.2,3.6,9,77,29.1,evening,weekend,car,high,0
38.9,41.1,36.1,12.4,0.0,5,27,40.7,afternoon,weekday,walk,low,1
23.0,25.3,39.6,5.8,0.0,8,16,25.0,evening,weekday,car,high,0
8.9,8.0,93.8,9.6,0.0,7,33,8.9,morning,weekday,car,medium,0
28.6,33.3,78.8,12.0,0.0,7,59,32.5,morning,weekend,walk,low,0
39.4,40.5,17.8,2.7,4.8,0,14,40.3,afternoon,weekend,walk,low,1
21.0,23.9,48.4,4.4,0.0,2,33,23.5,afternoon,weekday,public_transport,high,1
32.0,36.8,80.5,4.2,0.0,3,43,36.0,morning,weekday,public_transport,high,1
21.0,22.3,22.0,4.7,0.0,7,37,22.1,morning,weekend,public_transport,medium,0
40.0,44.0,66.7,15.2,0.0,0,25,43.3,evening,weekday,public_transport,low,0
39.1,43.4,71.6,15.1,6.8,10,23,42.7,morning,weekday,public_transport,low,1
7.2,6.7,63.5,5.3,0.0,11,6,7.2,morning,weekday,walk,low,1
8.5,7.9,38.6,6.2,0.0,3,65,8.5,morning,weekend,car,low,0
31.9,34.5,43.0,6.3,0.0,5,121,34.1,morning,weekday,car,high,0
34.8,38.0,53.6,21.7,2.8,6,9,37.5,evening,weekday,car,high,1
42.8,45.2,39.9,5.5,0.0,5,82,44.8,morning,weekday,public_transport,low,1
22.2,24.9,44.2,27.2,0.0,5,41,24.4,morning,weekday,public_transport,low,0
37.6,39.4,30.6,10.8,0.0,3,21,39.1,morning,weekday,public_transport,high,1
3.9,2.8,40.1,11.6,2.2,6,18,3.9,evening,weekday,public_transport,medium,1
-3.0,-4.0,22.3,10.0,0.0,10,23,-3.0,morning,weekday,public_transport,high,1
7.6,5.7,76.4,18.6,0.7,5,29,7.6,afternoon,weekday,walk,high,1
25.4,26.1,12.3,2.8,0.0,6,27,26.0,morning,weekday,public_transport,high,1
14.6,14.9,28.1,9.0,0.0,8,122,14.6,afternoon,weekday,public_transport,high,0
27.2,30.0,45.2,4.5,0.0,6,27,29.5,morning,weekday,walk,low,0
4.4,4.4,22.6,0.4,0.0,3,27,4.4,morning,weekday,public_transport,high,1
13.2,13.8,61.5,6.8,0.0,0,59,13.2,morning,weekday,public_transport,low,0
-3.1,-5.0,62.9,19.0,19.9,3,31,-3.1,evening,weekday,car,low,0
42.4,44.1,26.9,4.7,0.0,7,15,43.8,morning,weekday,walk,medium,1
6.5,5.9,22.7,6.3,0.0,5,38,6.5,afternoon,weekend,car,medium,0
22.1,26.0,64.6,18.3,11.3,5,36,25.3,morning,weekday,public_transport,low,1
21.8,24.0,36.4,13.3,0.0,2,49,23.6,morning,weekday,public_transport,low,0
10.2,10.5,26.1,11.8,0.0,1,11,10.2,evening,weekday,car,low,0
-0.7,-3.7,61.7,29.8,3.9,9,102,-0.7,morning,weekday,walk,medium,1
34.6,38.8,68.9,1.9,5.7,4,46,38.1,evening,weekday,public_transport,medium,1
-4.1,-5.5,48.6,13.8,16.1,1,15,-4.1,afternoon,weekday,public_transport,medium,1
12.2,12.9,68.5,22.6,13.1,7,12,12.2,morning,weekday,walk,high,1
32.5,35.5,50.0,7.8,0.0,7,64,35.0,morning,weekday,public_transport,high,1
18.0,18.2,27.8,1.1,0.0,6,41,18.0,afternoon,weekday,walk,high,1
13.9,14.3,43.8,10.9,0.0,7,29,13.9,evening,weekday,car,medium,0
27.2,28.4,20.8,5.7,0.3,2,49,28.2,morning,weekend,walk,medium,0
17.7,18.0,31.8,10.2,0.0,5,24,17.7,morning,weekday,walk,medium,0
28.7,30.2,24.2,7.5,0.0,5,37,29.9,afternoon,weekday,car,low,0
9.4,8.6,64.7,8.1,4.5,10,34,9.4,evening,weekend,public_transport,medium,1
28.3,30.1,29.6,9.6,0.0,7,34,29.8,evening,weekday,walk,medium,0
18.5,19.4,85.6,17.4,0.0,5,24,18.5,afternoon,weekday,walk,high,1
27.0,32.6,93.8,10.6,0.0,9,19,31.7,morning,weekday,public_transport,high,1
27.7,30.6,47.7,1.9,7.6,1,20,30.1,afternoon,weekday,public_transport,high,1
3.2,2.8,95.0,4.2,0.0,7,42,3.2,evening,weekday,car,low,0
34.4,37.8,56.2,23.0,0.0,5,79,37.2,afternoon,weekday,public_transport,low,0
23.0,27.7,78.0,7.4,0.0,9,33,26.9,afternoon,weekday,walk,medium,0
13.3,13.8,56.8,31.1,0.0,10,40,13.3,evening,weekday,car,low,0
38.1,42.7,76.7,13.6,0.0,2,32,41.9,morning,weekday,public_transport,medium,1
29.2,34.3,84.2,5.8,0.6,4,12,33.4,morning,weekday,car,high,0
28.5,29.9,23.3,19.3,0.0,11,21,29.6,evening,weekday,walk,high,1
-4.6,-6.0,87.5,13.9,0.0,8,37,-4.6,morning,weekend,walk,high,1
16.4,16.8,42.3,16.5,6.4,9,16,16.4,afternoon,weekday,car,medium,0
29.4,35.1,94.8,19.0,0.0,2,69,34.2,morning,weekday,walk,medium,1
30.3,35.3,82.9,8.6,0.0,7,18,34.5,morning,weekend,public_transport,low,0
43.8,44.8,16.8,8.5,0.0,9,27,44.7,evening,weekday,public_transport,low,1
2.9,2.1,57.2,7.9,0.0,1,38,2.9,morning,weekday,car,high,0
35.9,39.6,60.6,1.4,0.0,0,24,39.0,afternoon,weekday,walk,low,1
43.5,46.1,43.0,14.5,0.4,0,33,45.6,evening,weekday,public_transport,high,1
24.0,25.3,22.3,6.1,0.0,3,148,25.1,evening,weekday,car,medium,0
16.9,17.5,56.2,15.2,2.2,2,22,16.9,morning,weekday,public_transport,medium,1
0.7,-1.1,79.1,18.9,0.0,11,23,0.7,afternoon,weekday,car,low,0
22.7,24.0,22.1,6.4,0.0,11,5,23.8,afternoon,weekday,public_transport,low,0
-1.6,-2.0,37.8,4.4,0.0,6,12,-1.6,morning,weekday,public_transport,medium,0
14.5,15.1,59.6,9.8,0.0,8,26,14.5,afternoon,weekend,public_transport,medium,0
30.5,33.1,44.0,2.4,0.0,5,71,32.7,afternoon,weekday,public_transport,medium,0
32.8,37.8,83.0,10.3,0.0,9,48,37.0,evening,weekday,public_transport,low,1
24.9,27.0,34.8,21.1,0.0,7,78,26.6,evening,weekday,walk,low,0
6.5,5.5,20.8,9.7,0.1,9,54,6.5,evening,weekend,walk,low,0
21.7,25.1,56.8,12.5,2.0,2,115,24.6,afternoon,weekday,public_transport,high,1
7.0,6.6,11.7,4.3,4.4,5,59,7.0,afternoon,weekday,car,high,0
40.4,46.1,94.0,4.5,0.0,10,22,45.1,afternoon,weekday,car,medium,0
19.9,20.6,68.5,21.7,2.9,4,123,19.9,morning,weekend,car,medium,0
11.9,12.7,82.7,6.0,0.0,6,30,11.9,morning,weekend,public_transport,low,0
39.1,42.5,57.0,18.7,0.0,5,20,41.9,evening,weekend,public_transport,high,1
43.4,47.2,63.1,4.3,0.0,5,110,46.5,morning,weekday,public_transport,medium,1
37.2,38.0,12.5,30.1,0.0,2,16,37.8,afternoon,weekday,public_transport,high,1
37.0,41.6,77.4,1.9,2.2,1,39,40.9,afternoon,weekday,public_transport,low,1
-0.6,-1.8,27.2,11.5,0.0,0,35,-0.6,morning,weekday,car,low,0
43.2,48.7,92.6,11.9,0.0,6,173,47.8,afternoon,weekday,car,medium,0
44.8,50.3,91.6,4.0,0.0,6,47,49.4,afternoon,weekend,car,medium,0
25.5,26.7,20.4,13.7,0.0,7,95,26.5,morning,weekday,walk,medium,0
-1.6,-2.4,80.7,7.5,6.3,0,63,-1.6,evening,weekday,car,high,0
21.3,23.5,35.6,1.5,0.0,9,6,23.1,afternoon,weekend,walk,medium,0
13.5,13.6,11.4,8.2,0.0,11,22,13.5,afternoon,weekday,car,medium,0
37.6,41.6,66.4,1.3,0.0,10,31,40.9,evening,weekday,walk,high,1
27.0,31.3,72.7,8.7,0.0,11,24,30.6,morning,weekday,public_transport,medium,0
41.1,43.2,35.5,5.7,0.0,8,251,42.9,morning,weekday,public_transport,high,1
31.0,35.4,73.3,3.5,0.0,3,87,34.7,afternoon,weekday,public_transport,low,0
12.9,13.7,82.5,7.5,0.0,4,46,12.9,morning,weekday,car,medium,0
23.3,28.9,92.6,3.5,0.0,8,32,28.0,evening,weekday,public_transport,medium,0
35.0,38.4,56.7,6.1,0.0,11,17,37.8,evening,weekend,car,low,0
-1.5,-3.4,33.4,19.2,0.0,9,13,-1.5,morning,weekend,car,low,0
4.4,2.3,89.1,20.7,0.0,3,32,4.4,evening,weekday,public_transport,high,0
22.7,25.5,46.0,21.4,0.0,9,145,25.0,afternoon,weekday,walk,medium,0
22.6,26.8,70.2,12.1,14.1,2,42,26.1,afternoon,weekday,walk,high,1
-4.0,-4.7,69.3,6.5,0.0,3,72,-4.0,evening,weekday,car,low,0
-3.7,-4.2,92.7,5.1,0.0,2,20,-3.7,morning,weekday,car,low,0
37.5,40.0,42.0,2.0,0.0,6,86,39.6,evening,weekday,public_transport,low,0
36.5,38.4,32.6,8.0,0.1,4,169,38.1,afternoon,weekday,public_transport,low,1
15.2,16.1,90.1,9.7,0.0,3,38,15.2,evening,weekday,car,high,0
-4.9,-5.9,11.6,10.6,0.0,4,17,-4.9,afternoon,weekday,public_transport,low,0
8.0,6.5,23.4,15.1,0.0,8,19,8.0,afternoon,weekday,public_transport,medium,0
41.2,46.6,90.1,9.1,0.0,2,23,45.7,morning,weekday,public_transport,medium,1
29.6,32.9,54.6,25.9,4.0,1,94,32.3,evening,weekday,walk,low,1
19.0,19.7,70.1,9.0,0.0,2,121,19.0,morning,weekday,public_transport,medium,0
18.8,19.3,53.2,6.9,11.3,5,46,18.8,morning,weekday,public_transport,medium,1
0.9,-0.1,42.4,9.6,0.0,10,30,0.9,morning,weekend,public_transport,high,1
2.7,1.2,19.7,14.4,0.0,3,25,2.7,evening,weekday,public_transport,high,1
17.3,17.9,53.9,26.1,0.0,7,9,17.3,morning,weekday,walk,medium,0
32.2,34.6,41.3,6.6,1.8,6,25,34.2,evening,weekday,walk,low,1
9.2,8.6,34.8,6.1,0.0,9,66,9.2,morning,weekday,public_transport,medium,0
1.0,0.1,90.7,9.3,3.5,0,160,1.0,evening,weekday,walk,high,1
29.9,30.9,17.3,11.7,0.0,7,41,30.8,morning,weekday,public_transport,low,0
40.9,42.7,29.9,9.7,5.5,6,41,42.4,evening,weekend,public_transport,medium,1
14.8,15.4,53.8,10.1,0.0,11,12,14.8,afternoon,weekday,public_transport,medium,0
15.9,16.4,41.2,6.4,0.0,1,57,15.9,evening,weekend,public_transport,high,0
28.0,29.9,31.8,6.9,7.7,9,31,29.6,morning,weekday,car,medium,0
39.5,41.6,34.0,10.3,0.0,10,140,41.2,morning,weekday,public_transport,high,1
44.0,48.1,68.3,7.9,0.0,3,124,47.4,afternoon,weekday,car,high,0
9.0,7.0,22.1,20.7,0.0,11,22,9.0,morning,weekend,car,high,0
42.7,46.3,59.0,4.5,10.2,3,43,45.7,morning,weekday,car,high,1
27.0,32.7,94.9,5.0,0.0,10,51,31.7,evening,weekday,public_transport,high,1
10.3,10.5,23.7,5.9,0.0,8,26,10.3,afternoon,weekday,public_transport,medium,0
35.2,38.2,49.6,16.8,0.0,9,78,37.7,morning,weekday,car,low,0
10.0,9.2,50.3,7.7,0.0,3,111,10.0,morning,weekend,car,low,0
-3.1,-4.6,14.8,15.5,0.0,3,10,-3.1,evening,weekend,car,medium,0
9.1,7.9,43.5,11.7,0.0,0,38,9.1,afternoon,weekday,car,low,0
40.5,46.2,93.5,8.2,0.0,5,35,45.2,afternoon,weekday,public_transport,medium,1
3.8,3.4,41.6,3.6,0.0,2,12,3.8,evening,weekday,car,high,0
9.5,8.4,83.2,10.8,0.0,11,39,9.5,morning,weekend,walk,medium,1
11.7,11.8,10.7,3.4,2.1,2,43,11.7,morning,weekday,public_transport,medium,1
31.8,35.6,64.0,16.0,0.0,5,181,35.0,afternoon,weekday,public_transport,medium,1
13.3,14.0,62.6,5.5,2.7,9,66,13.3,evening,weekday,car,medium,0
22.4,25.3,48.5,8.2,0.0,11,65,24.8,afternoon,weekday,car,medium,0
29.9,34.2,72.1,12.7,0.0,9,31,33.5,evening,weekday,walk,low,0
34.3,36.1,29.9,1.0,1.2,3,37,35.8,morning,weekday,walk,medium,1
4.3,2.5,65.1,18.3,0.0,6,19,4.3,evening,weekday,public_transport,low,0
14.1,14.8,64.5,7.9,0.0,6,12,14.1,evening,weekday,walk,low,0
37.4,38.4,17.1,3.4,0.0,11,50,38.2,evening,weekday,car,medium,0
42.7,46.1,56.9,10.7,0.0,8,40,45.6,evening,weekday,public_transport,low,0
5.2,4.4,24.1,8.2,0.0,6,32,5.2,evening,weekday,public_transport,high,1
-2.6,-4.0,45.7,14.6,0.0,2,21,-2.6,morning,weekday,walk,high,1
-0.5,-1.5,35.7,9.6,0.0,6,12,-0.5,evening,weekday,public_transport,low,0
41.5,42.5,17.7,31.2,0.0,11,18,42.3,afternoon,weekday,public_transport,medium,1
20.5,22.9,39.1,8.9,1.5,4,194,22.5,afternoon,weekday,public_transport,medium,1
19.0,20.0,91.4,7.8,0.0,8,11,19.0,evening,weekday,walk,medium,0
42.6,45.2,43.0,20.9,0.0,2,12,44.7,morning,weekday,car,low,0
18.5,18.7,20.6,13.6,0.0,1,49,18.5,evening,weekday,public_transport,high,0
36.8,38.9,34.4,12.3,5.1,9,37,38.6,evening,weekday,public_transport,high,1
26.4,27.6,20.9,3.0,13.4,9,53,27.4,evening,weekend,public_transport,high,1
19.8,20.6,79.5,8.3,0.0,10,199,19.8,morning,weekday,car,high,1
41.2,46.7,90.3,9.4,0.0,1,24,45.8,morning,weekday,car,low,0
30.1,32.2,34.5,1.8,2.3,5,32,31.8,afternoon,weekend,walk,low,1
28.2,29.2,16.2,17.3,0.0,1,35,29.1,evening,weekend,car,medium,0
20.6,25.3,78.7,19.2,0.0,7,9,24.5,evening,weekday,car,low,0
29.0,34.0,83.7,12.9,0.0,0,78,33.2,morning,weekend,public_transport,medium,0
7.3,6.6,75.9,6.8,4.0,9,95,7.3,morning,weekend,public_transport,medium,1
6.9,6.2,18.7,6.5,0.0,5,24,6.9,afternoon,weekday,car,low,0
25.1,27.9,47.4,4.7,1.2,10,4,27.5,morning,weekend,public_transport,medium,0
15.8,16.2,42.7,10.8,0.0,1,159,15.8,evening,weekend,public_transport,low,0
-2.1,-3.0,89.5,9.3,0.0,10,42,-2.1,afternoon,weekday,walk,low,0
0.1,-0.7,84.5,7.9,23.0,0,43,0.1,morning,weekday,public_transport,medium,1
8.8,7.3,43.5,14.8,0.0,4,48,8.8,afternoon,weekday,car,medium,0
24.4,25.8,23.3,18.4,0.0,1,47,25.6,afternoon,weekday,car,low,0
19.4,19.5,19.2,4.3,0.0,8,32,19.4,afternoon,weekend,public_transport,high,0
-4.5,-5.9,21.8,14.0,0.0,9,33,-4.5,evening,weekday,car,medium,0
17.9,18.4,55.3,3.5,0.0,7,45,17.9,morning,weekday,walk,high,1
-0.4,-0.7,82.9,3.4,0.0,6,10,-0.4,evening,weekend,public_transport,low,0
37.7,41.6,65.7,6.5,0.0,11,19,40.9,evening,weekday,walk,high,1
9.5,8.8,61.3,6.4,10.7,5,48,9.5,morning,weekday,walk,low,1
16.0,16.8,80.8,3.9,6.6,7,15,16.0,afternoon,weekend,public_transport,medium,0
28.4,32.3,64.9,7.1,0.0,2,17,31.6,evening,weekend,walk,high,1
35.0,38.2,54.5,6.2,0.0,0,39,37.7,evening,weekday,walk,high,1
12.0,12.8,76.7,3.6,0.0,4,61,12.0,afternoon,weekday,public_transport,medium,0
1.8,0.2,40.1,15.8,0.0,7,16,1.8,morning,weekday,walk,medium,1
13.1,13.3,24.5,12.0,0.0,10,22,13.1,morning,weekday,walk,high,1
12.5,12.6,15.2,24.4,0.0,2,53,12.5,morning,weekend,car,low,0
11.3,12.1,89.6,3.7,0.0,3,49,11.3,afternoon,weekday,public_transport,medium,0
-4.4,-4.6,67.4,2.4,0.0,11,58,-4.4,afternoon,weekend,public_transport,low,0
27.8,30.9,51.5,13.0,0.4,6,26,30.3,morning,weekday,walk,medium,0
9.0,7.9,34.1,10.9,0.0,8,39,9.0,morning,weekend,public_transport,medium,0
41.0,43.3,39.2,13.6,1.8,2,13,43.0,morning,weekday,public_transport,medium,1
40.6,42.8,35.8,19.2,0.0,0,15,42.4,evening,weekday,public_transport,high,1
20.8,23.9,51.9,16.0,9.0,10,16,23.4,morning,weekday,public_transport,high,1
6.1,5.1,54.3,10.2,0.0,6,13,6.1,morning,weekday,car,high,0
13.7,13.9,15.6,2.3,0.0,10,9,13.7,morning,weekday,walk,medium,1
16.5,16.7,18.4,2.9,4.8,5,26,16.5,morning,weekday,car,low,0
33.5,37.3,62.9,10.8,0.0,10,9,36.7,evening,weekday,public_transport,high,1
30.4,34.8,72.7,12.8,0.6,6,31,34.1,morning,weekday,public_transport,medium,0
16.8,17.1,27.8,14.0,0.0,10,98,16.8,morning,weekday,public_transport,high,1
33.2,35.4,37.5,3.3,0.0,10,9,35.0,morning,weekday,walk,medium,1
28.4,32.7,72.2,11.0,0.0,1,34,32.0,evening,weekday,car,low,0
0.1,-0.9,17.0,9.6,1.6,7,8,0.1,afternoon,weekday,public_transport,low,0
32.5,36.2,61.9,4.2,0.0,7,17,35.6,evening,weekday,walk,low,1
21.2,22.0,14.3,3.1,0.0,0,54,21.9,evening,weekday,public_transport,high,0
7.6,7.5,62.5,1.1,6.6,6,30,7.6,evening,weekday,walk,medium,1
25.4,30.7,88.1,11.1,0.0,10,3,29.8,evening,weekday,walk,medium,1
30.3,32.7,38.8,10.4,0.0,10,26,32.3,morning,weekday,walk,medium,1
31.0,32.2,19.5,34.8,2.5,1,57,32.0,afternoon,weekday,public_transport,high,1
44.6,47.6,49.8,5.9,0.0,6,49,47.1,morning,weekend,walk,medium,1
19.7,19.8,11.2,11.5,0.0,5,23,19.7,morning,weekday,car,high,0
24.3,28.3,66.9,40.9,0.0,1,12,27.6,afternoon,weekend,public_transport,high,0
24.6,29.1,75.8,1.9,0.0,10,50,28.4,morning,weekday,car,low,0
41.1,46.2,85.2,16.7,0.0,11,74,45.4,evening,weekday,walk,high,1
0.2,-0.7,31.5,9.4,0.0,8,27,0.2,afternoon,weekday,car,low,0
24.3,25.1,13.7,6.3,0.0,2,40,24.9,evening,weekend,car,high,0
17.6,17.7,13.0,7.7,1.2,2,8,17.6,morning,weekday,walk,low,1
-3.6,-6.9,76.1,33.4,0.0,1,80,-3.6,morning,weekday,walk,medium,1
26.1,28.6,41.6,6.0,0.0,8,62,28.2,afternoon,weekend,walk,low,0
39.7,41.7,33.1,20.2,0.0,1,21,41.3,afternoon,weekday,walk,high,1
42.3,44.7,39.9,22.4,0.0,10,43,44.3,afternoon,weekend,car,medium,0
14.3,14.9,55.0,18.8,0.0,6,46,14.3,evening,weekday,walk,high,1
39.4,44.2,80.0,1.9,0.0,5,27,43.4,evening,weekday,car,medium,0
32.1,34.0,32.0,15.0,0.0,9,56,33.7,evening,weekday,walk,high,1
0.8,-0.7,18.3,15.0,0.0,1,49,0.8,afternoon,weekday,public_transport,medium,0
33.0,38.2,86.7,10.3,4.3,1,25,37.3,afternoon,weekday,car,low,0
20.0,20.4,39.2,3.7,0.0,2,27,20.0,afternoon,weekday,public_transport,medium,0
35.4,37.5,34.9,6.8,0.0,0,39,37.1,evening,weekend,public_transport,low,0
19.8,20.1,23.6,10.6,0.0,7,31,19.8,morning,weekday,car,high,0
11.2,11.9,63.1,2.8,0.0,4,41,11.2,evening,weekday,walk,medium,0
22.4,25.2,47.5,16.5,0.0,6,44,24.7,morning,weekend,public_transport,medium,0
13.7,14.5,79.8,37.4,0.0,1,65,13.7,morning,weekday,public_transport,high,1
20.1,21.3,18.4,12.5,0.0,0,244,21.1,evening,weekend,public_transport,low,0
41.2,46.7,92.2,5.3,2.0,11,92,45.8,afternoon,weekday,walk,high,1
15.1,15.5,42.1,17.6,0.0,6,29,15.1,evening,weekend,public_transport,high,0
43.1,47.8,78.4,11.8,0.0,2,84,47.0,evening,weekday,walk,low,1
40.3,43.9,59.2,7.4,0.0,0,9,43.3,afternoon,weekday,public_transport,low,0
31.3,32.6,22.1,8.8,0.0,6,23,32.4,afternoon,weekday,public_transport,medium,0
39.8,43.6,64.7,20.3,0.0,9,42,43.0,afternoon,weekday,car,medium,0
19.5,20.0,49.0,3.5,0.0,3,117,19.5,afternoon,weekday,walk,medium,1
37.2,38.5,22.5,18.2,0.0,10,95,38.3,morning,weekday,public_transport,medium,1
7.5,5.1,58.5,24.0,0.0,5,73,7.5,morning,weekday,car,high,0
35.0,38.1,50.4,5.3,10.4,7,56,37.6,morning,weekday,walk,low,1
26.0,29.8,62.9,35.4,0.0,5,7,29.2,evening,weekday,walk,low,0
44.2,49.5,87.7,14.4,0.0,2,8,48.6,morning,weekend,public_transport,low,0
38.1,39.2,18.8,8.0,5.3,8,19,39.0,afternoon,weekend,walk,high,1
11.3,11.6,35.4,1.9,4.8,5,31,11.3,afternoon,weekday,public_transport,medium,1
15.8,15.9,15.8,24.9,0.0,7,233,15.8,morning,weekday,public_transport,high,1
-2.8,-3.3,34.7,5.4,0.0,0,20,-2.8,afternoon,weekday,public_transport,high,0
-2.9,-4.3,74.9,13.8,0.0,5,14,-2.9,morning,weekday,walk,low,0
31.8,36.4,77.1,7.8,0.0,8,89,35.6,afternoon,weekday,public_transport,medium,1
9.9,9.6,48.1,3.3,0.0,10,4,9.9,evening,weekday,public_transport,high,1
28.9,31.1,37.1,16.6,0.0,4,36,30.8,evening,weekday,public_transport,medium,0
-3.4,-4.4,47.0,10.4,0.0,5,43,-3.4,afternoon,weekday,walk,low,0
6.3,5.0,48.9,13.4,0.0,0,70,6.3,evening,weekday,car,medium,0
18.2,18.7,50.5,2.2,0.0,9,85,18.2,morning,weekend,car,high,0
0.4,-0.9,36.0,13.1,0.0,9,4,0.4,evening,weekend,car,low,0
21.4,25.9,75.0,7.4,0.0,0,130,25.1,morning,weekend,public_transport,medium,0
21.3,26.6,87.1,5.9,0.0,0,52,25.7,morning,weekday,public_transport,high,1
2.7,0.9,48.5,18.2,0.0,11,32,2.7,evening,weekday,public_transport,medium,1
6.7,6.2,87.9,4.6,0.0,3,78,6.7,afternoon,weekday,walk,medium,0
30.8,35.0,69.2,12.5,6.5,3,135,34.3,afternoon,weekday,public_transport,high,1
9.6,9.3,94.4,3.2,0.0,7,18,9.6,evening,weekday,public_transport,medium,0
-0.6,-1.2,87.5,6.1,0.0,8,23,-0.6,morning,weekday,car,high,0
34.1,35.8,27.9,22.1,1.7,2,59,35.5,evening,weekend,public_transport,medium,1
17.9,18.3,38.9,24.8,0.0,7,21,17.9,morning,weekday,car,high,0
10.6,11.0,43.2,9.8,1.9,10,99,10.6,morning,weekday,walk,medium,1
30.9,32.0,18.9,16.0,0.0,8,111,31.8,morning,weekday,public_transport,low,0
21.8,24.6,46.2,21.7,0.0,6,42,24.1,evening,weekday,public_transport,medium,0
29.2,34.0,80.1,3.7,3.4,3,64,33.2,afternoon,weekday,car,low,0
32.3,35.6,54.5,6.2,0.0,6,54,35.0,evening,weekend,public_transport,high,1
36.1,37.0,15.6,8.6,0.0,1,79,36.9,evening,weekend,public_transport,high,1
14.9,15.8,91.0,16.6,0.3,6,16,14.9,evening,weekday,public_transport,medium,0
5.6,5.3,73.6,3.3,3.0,9,17,5.6,evening,weekday,public_transport,high,1
44.5,48.9,72.5,7.8,0.0,2,40,48.2,evening,weekday,public_transport,medium,1
25.5,27.3,29.1,16.1,0.0,11,59,27.0,afternoon,weekday,car,medium,0
36.9,38.2,22.8,2.5,0.0,11,31,38.0,morning,weekday,public_transport,medium,1
22.3,27.2,81.1,17.6,3.8,4,52,26.4,evening,weekday,public_transport,high,1
25.2,30.9,94.0,11.9,14.5,5,81,29.9,evening,weekday,public_transport,medium,1
9.0,7.8,48.3,11.9,0.0,11,51,9.0,morning,weekday,car,low,0
35.1,36.6,25.2,5.8,0.9,11,17,36.3,evening,weekday,public_transport,high,1
7.2,6.6,46.8,5.7,0.0,11,11,7.2,afternoon,weekday,walk,medium,1
41.3,46.2,81.7,3.3,0.0,1,32,45.3,afternoon,weekend,public_transport,high,1
23.1,27.3,70.1,4.2,0.0,2,7,26.6,afternoon,weekday,public_transport,low,0
0.8,-1.1,34.6,19.0,0.0,2,14,0.8,evening,weekday,car,low,0
29.5,32.5,50.3,10.4,2.2,0,198,32.0,morning,weekday,walk,high,1
7.5,5.7,79.7,18.9,0.0,8,34,7.5,morning,weekday,public_transport,high,1
-3.8,-5.6,84.2,18.0,0.0,2,31,-3.8,afternoon,weekend,car,low,0
19.3,19.7,40.5,8.7,0.5,2,37,19.3,afternoon,weekday,car,high,0
18.9,19.1,11.7,5.8,0.0,1,15,18.9,afternoon,weekend,public_transport,medium,0
15.1,15.4,29.2,25.8,0.0,2,22,15.1,evening,weekday,public_transport,low,0
33.3,35.1,30.0,3.2,0.0,5,18,34.8,morning,weekday,walk,medium,0
-1.4,-2.4,58.4,10.1,0.0,2,39,-1.4,evening,weekday,car,low,0
-3.2,-5.0,37.5,18.7,0.0,0,20,-3.2,afternoon,weekday,walk,medium,1
0.0,-0.6,21.6,5.8,0.0,9,16,0.0,morning,weekday,walk,high,1
1.6,1.3,68.6,2.9,2.0,7,14,1.6,evening,weekday,walk,high,1
29.1,34.7,93.8,10.3,4.4,9,8,33.8,morning,weekday,car,medium,0
34.2,38.2,66.2,14.6,0.0,7,157,37.5,evening,weekday,public_transport,medium,1
7.9,7.2,36.1,7.1,0.0,9,24,7.9,afternoon,weekday,public_transport,medium,0
-4.5,-8.4,84.4,39.0,8.9,5,33,-4.5,morning,weekday,public_transport,medium,1
19.1,19.8,70.4,6.7,0.0,2,51,19.1,afternoon,weekday,walk,medium,0
7.0,6.9,87.2,1.3,0.0,6,19,7.0,afternoon,weekend,public_transport,high,0
-1.7,-2.3,36.4,6.2,0.0,3,50,-1.7,morning,weekday,public_transport,high,1
24.1,25.8,27.6,9.6,0.0,6,53,25.5,afternoon,weekday,public_transport,high,1
9.3,8.0,31.0,13.0,0.0,8,57,9.3,afternoon,weekday,car,medium,0
26.4,27.8,23.8,27.8,5.9,5,58,27.6,evening,weekday,car,medium,0
34.9,40.5,93.8,8.6,0.0,6,83,39.6,afternoon,weekend,walk,medium,1
20.0,20.3,34.1,13.4,0.0,1,55,20.0,evening,weekday,walk,high,1
17.9,18.4,55.0,7.9,0.0,5,297,17.9,evening,weekday,walk,medium,1
41.7,45.5,64.2,4.0,0.0,10,14,44.9,morning,weekend,public_transport,medium,1
18.5,19.3,78.2,20.1,0.0,2,262,18.5,evening,weekday,walk,low,1
11.0,11.2,26.1,3.2,8.8,5,56,11.0,evening,weekend,car,medium,0
40.9,44.1,53.3,18.3,0.0,5,43,43.5,morning,weekday,car,high,1
10.3,10.5,18.2,10.2,0.0,9,42,10.3,evening,weekend,walk,medium,0
41.7,42.6,15.7,16.9,0.0,9,30,42.5,morning,weekday,public_transport,medium,1
-0.0,-2.0,66.9,20.1,15.2,7,21,-0.0,morning,weekday,car,low,0
12.4,13.0,62.3,4.7,0.0,5,59,12.4,morning,weekday,public_transport,high,1
-3.9,-5.1,16.1,11.4,0.7,10,36,-3.9,morning,weekday,walk,medium,1
-0.5,-3.6,14.6,30.9,0.0,4,52,-0.5,afternoon,weekday,car,medium,0
8.2,6.9,82.9,13.7,3.0,4,69,8.2,afternoon,weekend,public_transport,low,0
32.4,36.5,68.4,3.2,0.0,2,204,35.8,afternoon,weekday,public_transport,low,1
33.6,35.4,31.1,3.5,0.0,2,144,35.1,afternoon,weekday,car,medium,0
8.1,7.0,88.7,11.1,2.2,1,102,8.1,morning,weekday,public_transport,medium,1
7.0,6.8,38.1,2.3,0.0,6,67,7.0,afternoon,weekday,car,low,0
35.1,36.6,24.0,7.7,0.0,11,69,36.3,morning,weekday,public_transport,medium,1
35.3,38.2,47.1,16.5,0.0,2,147,37.7,afternoon,weekday,public_transport,low,1
8.0,7.0,45.6,9.4,0.0,8,25,8.0,morning,weekday,public_transport,high,1
31.9,33.5,26.6,5.6,0.0,4,39,33.2,evening,weekday,car,high,0
23.1,24.9,31.0,4.2,0.0,9,56,24.6,evening,weekday,car,medium,0
14.6,15.1,52.7,14.6,22.0,1,29,14.6,morning,weekend,public_transport,low,0
24.4,27.0,41.9,5.8,0.0,3,20,26.5,afternoon,weekend,public_transport,medium,0
13.1,13.9,74.5,5.7,0.0,7,16,13.1,evening,weekday,public_transport,medium,0
12.8,13.0,26.0,3.8,0.0,11,15,12.8,afternoon,weekend,walk,low,0
24.8,29.8,83.4,5.7,0.0,9,37,29.0,morning,weekday,public_transport,medium,0
22.3,25.9,59.1,8.4,1.3,0,42,25.3,afternoon,weekday,public_transport,low,0
20.0,25.1,85.7,2.9,0.0,7,29,24.3,morning,weekend,public_transport,medium,0
16.3,16.7,39.1,12.0,0.0,5,20,16.3,evening,weekday,car,low,0
-1.1,-1.4,10.2,2.5,0.0,3,27,-1.1,evening,weekday,car,medium,0
1.4,1.0,54.2,4.4,1.3,11,47,1.4,afternoon,weekday,public_transport,high,1
30.6,35.5,80.4,18.3,0.0,5,9,34.7,evening,weekday,car,high,0
8.6,8.3,19.0,2.8,0.0,7,48,8.6,morning,weekday,public_transport,medium,0
26.9,30.8,64.1,8.7,4.7,5,32,30.1,morning,weekday,public_transport,medium,1
16.7,17.3,59.6,7.2,0.0,9,13,16.7,morning,weekday,public_transport,medium,0
37.9,38.8,15.7,11.0,0.0,0,46,38.7,morning,weekday,car,low,0
10.2,10.6,37.0,7.4,6.6,7,60,10.2,evening,weekday,car,low,0
-2.1,-4.4,21.7,22.4,1.4,6,55,-2.1,afternoon,weekday,walk,high,1
44.4,49.2,80.6,5.4,0.0,3,23,48.4,morning,weekday,public_transport,high,1
10.3,10.8,48.5,17.7,0.0,0,49,10.3,morning,weekday,car,medium,0
18.6,19.5,88.2,10.9,0.0,7,38,18.6,afternoon,weekend,car,high,0
5.0,2.8,60.4,21.9,0.0,7,21,5.0,afternoon,weekday,public_transport,medium,0
31.4,35.3,64.2,14.1,0.0,8,104,34.6,evening,weekday,public_transport,high,0
4.9,4.1,21.8,7.7,8.5,2,39,4.9,evening,weekend,public_transport,high,1
-4.5,-5.3,64.7,8.1,3.0,6,13,-4.5,morning,weekday,car,low,0
43.9,45.6,27.9,8.6,0.0,8,86,45.3,morning,weekday,public_transport,high,1
9.5,8.9,79.9,6.1,0.0,2,51,9.5,morning,weekday,car,low,0
15.0,15.5,48.1,15.0,0.0,9,39,15.0,evening,weekend,public_transport,medium,0
22.5,27.7,86.8,4.8,0.0,5,108,26.8,morning,weekday,walk,medium,1
13.8,14.4,55.5,13.1,0.0,9,18,13.8,morning,weekday,public_transport,low,0
36.1,41.4,87.5,1.4,0.0,2,80,40.5,afternoon,weekend,walk,high,1
4.8,3.9,60.9,9.2,14.0,11,19,4.8,morning,weekday,public_transport,low,1
5.2,3.5,23.5,17.3,0.0,9,43,5.2,afternoon,weekend,car,low,0
20.7,23.8,51.8,13.1,9.9,2,75,23.3,evening,weekday,walk,medium,1
10.7,11.3,59.4,2.5,0.6,7,55,10.7,evening,weekday,public_transport,low,0
23.7,26.8,52.2,15.2,1.7,9,63,26.3,morning,weekday,public_transport,medium,1
32.7,35.5,47.8,5.4,0.0,3,130,35.1,afternoon,weekday,public_transport,medium,1
10.3,11.1,81.3,2.6,0.0,11,16,10.3,afternoon,weekday,car,medium,0
32.3,33.0,11.4,8.4,0.0,6,9,32.9,morning,weekday,walk,high,1
23.9,25.0,18.6,8.2,12.0,10,5,24.9,evening,weekday,public_transport,high,1
44.6,46.3,28.2,26.0,13.8,2,60,46.0,afternoon,weekday,car,medium,1
31.6,35.1,58.6,6.2,0.0,7,95,34.5,evening,weekend,car,low,0
21.8,22.4,10.3,1.4,0.0,1,76,22.3,evening,weekday,car,medium,0
0.2,-1.5,42.3,17.6,0.0,10,20,0.2,afternoon,weekday,car,low,0
3.3,1.9,29.4,13.3,0.0,11,15,3.3,morning,weekday,car,medium,0
-0.2,-0.6,92.0,3.5,0.0,5,24,-0.2,afternoon,weekend,public_transport,low,0
12.0,12.7,61.6,4.0,0.0,10,42,12.0,afternoon,weekday,public_transport,medium,1
26.4,28.0,26.5,16.8,0.0,9,30,27.8,morning,weekday,car,medium,0
28.1,32.3,69.3,1.6,0.0,1,45,31.6,morning,weekday,public_transport,medium,0
19.4,19.7,22.1,12.5,0.0,0,21,19.4,evening,weekday,walk,medium,1
43.2,44.0,14.5,0.8,0.0,3,62,43.9,afternoon,weekend,public_transport,high,1
41.6,42.7,18.7,3.9,2.6,5,22,42.5,afternoon,weekday,walk,medium,1
10.3,10.8,47.7,9.1,0.0,10,55,10.3,afternoon,weekday,car,high,0
6.1,5.2,30.7,9.7,0.0,11,42,6.1,evening,weekend,walk,high,1
9.3,6.4,54.2,29.1,0.0,4,35,9.3,evening,weekday,walk,low,0
23.1,25.8,45.0,13.5,0.0,6,20,25.3,afternoon,weekend,public_transport,medium,0
42.0,43.6,27.5,15.0,10.2,3,37,43.3,afternoon,weekday,public_transport,high,1
13.5,14.4,88.3,11.2,0.7,1,27,13.5,evening,weekday,public_transport,high,1
39.1,41.8,44.3,21.4,4.1,8,12,41.3,afternoon,weekday,public_transport,medium,1
11.9,12.1,16.1,4.8,0.0,3,98,11.9,afternoon,weekend,walk,medium,0
17.6,18.2,58.5,2.0,0.0,2,59,17.6,evening,weekday,walk,medium,0
19.1,19.4,30.7,4.5,0.0,2,72,19.1,evening,weekday,public_transport,low,0
41.6,44.8,53.5,8.0,0.0,11,82,44.3,afternoon,weekend,car,low,0
8.1,7.3,62.9,8.2,0.0,8,111,8.1,evening,weekday,car,medium,0
34.1,38.3,69.6,16.8,0.0,9,74,37.6,morning,weekend,walk,low,1
5.2,4.6,70.4,5.8,0.0,9,29,5.2,evening,weekend,car,medium,0
18.4,18.8,36.0,7.3,0.0,7,17,18.4,morning,weekday,public_transport,low,0
28.6,33.2,75.4,3.8,0.0,11,12,32.4,afternoon,weekday,public_transport,medium,0
39.2,41.4,37.2,8.2,10.1,5,198,41.1,afternoon,weekday,walk,low,1
16.6,17.1,49.1,5.3,0.0,11,10,16.6,evening,weekday,walk,high,1
32.9,38.3,90.7,3.8,0.0,10,32,37.4,morning,weekday,car,medium,1
14.9,15.1,18.3,6.0,6.2,4,15,14.9,morning,weekday,car,high,0
41.4,43.7,38.6,5.4,0.0,9,32,43.3,afternoon,weekend,public_transport,high,1
4.4,1.8,35.1,26.0,3.5,2,12,4.4,evening,weekday,car,high,0
26.3,31.9,94.4,11.3,0.0,10,300,31.0,afternoon,weekend,walk,high,1
-2.7,-2.8,12.6,0.8,6.6,11,37,-2.7,afternoon,weekday,public_transport,medium,1
6.4,6.3,52.3,0.4,12.2,1,38,6.4,afternoon,weekend,car,high,0
16.5,17.2,67.4,0.7,0.0,0,56,16.5,morning,weekday,public_transport,high,1
26.2,31.4,85.2,4.1,0.0,0,46,30.5,evening,weekday,public_transport,medium,0
40.3,43.0,43.5,8.0,0.0,0,44,42.5,morning,weekend,car,medium,0
36.3,39.5,53.5,3.4,0.0,2,10,39.0,evening,weekend,public_transport,low,1
17.2,18.2,92.7,2.4,0.5,8,115,17.2,morning,weekday,car,medium,0
37.2,40.0,47.6,10.6,1.1,6,52,39.6,evening,weekend,public_transport,medium,0
-4.8,-6.3,70.9,15.7,0.0,1,215,-4.8,afternoon,weekend,public_transport,low,0
28.6,32.4,62.1,9.5,0.0,7,30,31.7,morning,weekday,car,low,0
35.3,36.7,23.3,1.8,0.0,4,90,36.4,afternoon,weekday,walk,medium,1
13.2,13.8,60.4,19.1,0.0,0,36,13.2,morning,weekday,walk,medium,1
-1.4,-2.7,21.7,12.7,0.5,8,17,-1.4,morning,weekday,car,medium,0
17.6,18.2,62.0,7.6,0.0,4,12,17.6,evening,weekend,public_transport,high,0
24.7,26.2,26.1,16.4,0.0,9,71,26.0,morning,weekday,public_transport,high,1
23.7,24.8,18.6,6.6,0.0,1,17,24.6,evening,weekend,walk,high,1
21.2,24.8,60.9,5.2,0.0,8,9,24.2,morning,weekday,public_transport,low,0
29.3,30.2,15.7,5.9,6.6,0,9,30.1,evening,weekday,public_transport,high,1
23.9,25.3,23.6,6.7,0.0,0,18,25.1,morning,weekday,car,low,0
20.7,23.1,39.6,8.2,2.6,0,40,22.7,evening,weekday,public_transport,high,1
22.9,26.6,62.6,1.6,0.0,2,11,26.0,afternoon,weekend,public_transport,low,0
16.2,16.8,57.2,4.6,0.0,7,61,16.2,morning,weekday,public_transport,medium,0
24.4,26.2,29.6,4.9,0.0,11,31,25.9,evening,weekday,car,low,0
31.2,35.9,78.5,6.8,0.0,0,33,35.1,morning,weekday,car,low,0
0.2,-0.6,31.6,7.3,6.2,5,31,0.2,morning,weekend,public_transport,medium,1
3.7,2.1,73.7,16.8,0.0,11,35,3.7,evening,weekday,walk,medium,1
43.2,45.1,31.5,8.6,0.0,4,102,44.7,evening,weekday,car,medium,0
32.9,34.9,33.5,3.6,0.0,3,64,34.5,afternoon,weekend,public_transport,medium,0
33.4,34.2,12.4,7.1,0.0,6,41,34.0,evening,weekday,car,medium,0
6.7,5.2,52.2,14.3,3.0,1,39,6.7,afternoon,weekday,public_transport,low,0
25.4,30.1,78.3,7.0,0.0,3,7,29.3,evening,weekday,walk,low,0
38.4,43.9,90.4,18.4,3.3,0,12,43.0,morning,weekday,public_transport,low,1
21.4,22.1,13.0,5.8,0.0,7,10,22.0,evening,weekday,public_transport,medium,0
39.2,43.9,78.2,5.8,6.5,9,28,43.1,afternoon,weekend,walk,high,1
3.3,2.8,20.5,5.2,0.0,7,26,3.3,afternoon,weekday,public_transport,high,0
22.1,23.5,22.2,31.1,0.0,8,126,23.3,morning,weekend,public_transport,low,0
5.9,5.0,33.9,8.4,0.0,7,47,5.9,afternoon,weekday,car,high,0
21.2,22.3,18.9,10.9,0.0,9,29,22.1,afternoon,weekday,walk,high,1
27.9,30.4,42.4,3.5,2.6,4,46,30.0,evening,weekday,car,low,0
41.9,44.9,50.1,5.0,0.0,2,54,44.4,afternoon,weekday,walk,high,1
0.7,0.6,49.4,1.2,0.0,3,33,0.7,morning,weekend,car,medium,0
23.4,28.7,88.2,14.5,0.0,9,59,27.8,evening,weekday,public_transport,high,0
33.8,37.3,57.5,52.2,0.0,4,88,36.7,morning,weekend,car,medium,0
27.6,28.5,15.1,3.2,0.0,2,6,28.3,evening,weekday,public_transport,high,0
43.0,47.5,74.3,4.1,0.0,10,73,46.7,evening,weekday,walk,low,1
-3.4,-4.3,33.7,8.6,7.7,11,55,-3.4,afternoon,weekend,public_transport,high,1
